{
"type": "FeatureCollection",
"name": "BUFFER31950KM",
"crs": { "type": "name", "properties": { "name": "urn:ogc:def:crs:EPSG::3857" } },
"features": [
{ "type": "Feature", "properties": { "fid": 1, "id_trecho_": 155264, "vl_br": "319", "sg_uf": "AM", "nm_tipo_tr": "Eixo Principal", "sg_tipo_tr": "B", "desc_coinc": "Coinc", "vl_codigo": "319BAM0030", "ds_local_i": "INÍCIO TRAVESSIA RIO AMAZONAS", "ds_local_f": "FIM TRAVESSIA RIO AMAZONAS (CAREIRO)", "vl_km_inic": 1.0, "vl_km_fina": 13.0, "vl_extensa": 12.0, "ds_sup_fed": "TRV", "ds_obra": null, "ul": "Castanho", "ds_coinc": "174BAM0490", "ds_tipo_ad": null, "ds_ato_leg": null, "est_coinc": null, "sup_est_co": null, "ds_jurisdi": "FEDERAL-N_PAV", "ds_superfi": "N_PAV", "ds_legenda": "Travessia", "sg_legenda": "TRV", "leg_multim": "Travessia", "versao_snv": "201907A", "id_versao": 50, "marcador": "|", "Coord_y_i": -3.13450533, "Coord_x_i": -59.93991859, "Coord_x_f": -59.86871161, "Coord_y_f": -3.19024461 }, "geometry": { "type": "MultiPolygon", "coordinates": [ [ [ [ -7174056.855592566542327, -965015.261242492357269 ], [ -7174073.576957217417657, -964566.562488595955074 ], [ -7174076.796095203608274, -964478.075261858990416 ], [ -7174077.362711410969496, -964462.111134513630532 ], [ -7174082.325880649499595, -964321.001278682728298 ], [ -7174085.051530314609408, -964241.668156470870599 ], [ -7174086.089027969166636, -964210.755570108187385 ], [ -7174088.310137203894556, -964143.215485947439447 ], [ -7174096.780437257140875, -963880.238733764039353 ], [ -7174098.924861373379827, -963812.222494938992895 ], [ -7174099.242121920920908, -963801.93750818434637 ], [ -7174105.522567171603441, -963582.741220193682238 ], [ -7174106.80051492806524, -963534.4395329359686 ], [ -7174111.147752098739147, -963358.406691821175627 ], [ -7174111.444975139573216, -963345.446613453212194 ], [ -7174118.891223485581577, -962953.855884441640228 ], [ -7174119.093824962154031, -962940.436448570806533 ], [ -7174123.165673637762666, -962588.829066269099712 ], [ -7174123.276993127539754, -962575.024581780890003 ], [ -7174124.846397940069437, -962246.818547633592971 ], [ -7174124.867548641748726, -962232.714582176529802 ], [ -7174124.911640740931034, -962122.905247681424953 ], [ -7174124.901621985249221, -962108.522067462443374 ], [ -7174123.286418190225959, -961739.9511239817366 ], [ -7174122.43816367443651, -961634.81613499042578 ], [ -7174120.812310677953064, -961452.141498371376656 ], [ -7174116.71856199298054, -961030.844993414357305 ], [ -7174110.772710321471095, -960606.049295459175482 ], [ -7174110.488845616579056, -960590.492050920845941 ], [ -7174095.413532372564077, -959973.248574987985194 ], [ -7174094.938198150135577, -959957.716105217346922 ], [ -7174080.926760201342404, -959553.377708712825552 ], [ -7174080.32563494797796, -959537.846370463026688 ], [ -7174054.620877160690725, -958960.16705079365056 ], [ -7174053.83830114081502, -958944.606445672921836 ], [ -7173996.26158868521452, -957984.096896820003167 ], [ -7173995.173997263424098, -957968.472123006591573 ], [ -7173941.512609956786036, -957268.521561332861893 ], [ -7173940.191247596405447, -957252.740297901211306 ], [ -7173888.024109110236168, -956670.635691039147787 ], [ -7173886.512390430085361, -956654.808272971189581 ], [ -7173832.153445059433579, -956116.471170465229079 ], [ -7173830.469181161373854, -956100.648261729744263 ], [ -7173787.4665138265118, -955711.163938826997764 ], [ -7173785.649779738858342, -955695.280239283572882 ], [ -7173775.667218764312565, -955608.671606993768364 ], [ -7173770.063395594246686, -955560.422710474347696 ], [ -7173750.209472459740937, -955390.599493807647377 ], [ -7173710.230869001708925, -955058.582606640527956 ], [ -7173700.533828160725534, -954980.257731830119155 ], [ -7173697.450425636954606, -954955.383342357119545 ], [ -7173679.531023209914565, -954812.548878772882745 ], [ -7173677.543970298022032, -954796.892708514700644 ], [ -7173655.437623349018395, -954625.097660258994438 ], [ -7173653.396023888140917, -954609.445999171468429 ], [ -7173617.278051295317709, -954338.335621082573198 ], [ -7173615.149622633121908, -954322.686217453563586 ], [ -7173564.384078376926482, -953959.412958543980494 ], [ -7173562.138764250092208, -953943.764686507289298 ], [ -7173505.279517123475671, -953558.190262104966678 ], [ -7173502.920657110400498, -953542.615176414023153 ], [ -7173441.422971836291254, -953147.249501819023862 ], [ -7173438.999546522274613, -953132.069596899324097 ], [ -7173379.780259388498962, -952769.683040082687512 ], [ -7173377.280023628845811, -952754.728311468730681 ], [ -7173321.416910969652236, -952427.284165589488111 ], [ -7173310.822635030373931, -952366.405875957221724 ], [ -7173284.362495684996247, -952215.722159416764043 ], [ -7173278.823237819597125, -952184.458360495395027 ], [ -7173220.106946371495724, -951854.753709081327543 ], [ -7173205.86609292961657, -951775.191839070757851 ], [ -7173187.186673332005739, -951671.316418833448552 ], [ -7173020.005420763045549, -950666.427088322350755 ], [ -7173017.003642119467258, -950648.388926009880379 ], [ -7173013.464616224169731, -950627.135711313574575 ], [ -7172984.170188284479082, -950453.123249798896722 ], [ -7172981.531916353851557, -950437.618767726584338 ], [ -7172938.500097842887044, -950188.539990636985749 ], [ -7172924.949176229536533, -950111.268716947175562 ], [ -7172899.106025793589652, -949965.756254593958147 ], [ -7172899.182268210686743, -949965.742676489404403 ], [ -7172803.437487374059856, -949428.12614001147449 ], [ -7172782.228303197771311, -949309.857865442056209 ], [ -7172779.415259667672217, -949294.27931607037317 ], [ -7172760.806430601514876, -949191.834283634088933 ], [ -7172730.544526267796755, -949026.217761218198575 ], [ -7172602.506375826895237, -948306.065382309956476 ], [ -7172588.936185566708446, -948230.080015800660476 ], [ -7172586.196612901985645, -948214.80808411038015 ], [ -7172567.012840918265283, -948108.64616334985476 ], [ -7172499.834274558350444, -947728.607977738254704 ], [ -7172467.751555025577545, -947549.023591941338964 ], [ -7172427.814593186601996, -947327.806561237201095 ], [ -7172340.722245989367366, -946831.567065943498164 ], [ -7172253.767454829998314, -946328.378083578194492 ], [ -7172198.770059959031641, -946018.494783094036393 ], [ -7172199.155174009501934, -946018.425854051369242 ], [ -7172119.629246245138347, -945574.105854717898183 ], [ -7172072.74220576044172, -945290.883110468043014 ], [ -7172024.963281391188502, -945002.686747035360895 ], [ -7171971.132569557987154, -944678.19382699392736 ], [ -7171969.188044494017959, -944666.504469186998904 ], [ -7171806.845929238945246, -943685.300783191691153 ], [ -7171801.73466567043215, -943654.69741656340193 ], [ -7171680.096271297894418, -942919.946454784832895 ], [ -7171669.44880360737443, -942855.889105670386925 ], [ -7171585.700095071457326, -942354.054599259281531 ], [ -7171505.478105056099594, -941872.15871609468013 ], [ -7171423.188741978257895, -941376.820310382521711 ], [ -7171401.562114312313497, -941247.685550823691301 ], [ -7171399.100840365514159, -941233.106243560090661 ], [ -7171366.87950327899307, -941042.85650061967317 ], [ -7171364.097119921818376, -941026.435125167714432 ], [ -7171338.30091548897326, -940875.591413837508298 ], [ -7171335.727208863012493, -940860.679008702980354 ], [ -7171335.321032762527466, -940858.372607717290521 ], [ -7171269.166653268039227, -940466.168015442090109 ], [ -7171183.847284412942827, -939948.778582736034878 ], [ -7171133.685352239757776, -939654.299412780907005 ], [ -7171134.289235792122781, -939654.196316271903925 ], [ -7171057.006071832962334, -939201.513368356390856 ], [ -7170985.080921889282763, -938769.789921015268192 ], [ -7170973.87512075714767, -938702.808879582677037 ], [ -7170971.381564166396856, -938687.965954713406973 ], [ -7170889.65715357940644, -938198.404276259476319 ], [ -7170843.604048484005034, -937924.011126395780593 ], [ -7170815.269124174490571, -937756.994846870889887 ], [ -7170795.224936663173139, -937640.048852694919333 ], [ -7170785.816107041202486, -937585.336327385157347 ], [ -7170783.276909460313618, -937570.619762927293777 ], [ -7170782.911824139766395, -937568.547321503050625 ], [ -7170697.965777473524213, -937069.502405742532574 ], [ -7170684.419981261715293, -936990.307637007208541 ], [ -7170635.688341113738716, -936706.771737596485764 ], [ -7170550.174402630887926, -936195.848355011199601 ], [ -7170536.426397105678916, -936114.365238522179425 ], [ -7170456.392219820991158, -935626.959297461318783 ], [ -7170426.544285070151091, -935446.158979066996835 ], [ -7170417.96565084438771, -935394.394374083494768 ], [ -7170378.101739061065018, -935154.496459301910363 ], [ -7170374.798567739315331, -935134.629937224788591 ], [ -7170341.268281428143382, -934935.470358139253221 ], [ -7170271.179303634911776, -934524.238089273218066 ], [ -7170267.247574462555349, -934501.188650346943177 ], [ -7170208.850593147799373, -934158.917997464770451 ], [ -7170176.082759196870029, -933959.72806635312736 ], [ -7170126.148058439604938, -933618.988876791903749 ], [ -7170111.396892105229199, -933519.035433190409094 ], [ -7170055.538901409134269, -933143.173084765789099 ], [ -7169990.688846156932414, -932700.356921335915104 ], [ -7169989.51797644700855, -932690.896406035753898 ], [ -7169974.720021778717637, -932572.489634419907816 ], [ -7169974.130028477869928, -932567.814112046500668 ], [ -7169822.951642729341984, -931468.180620638886467 ], [ -7169822.2592354984954, -931463.527604283648543 ], [ -7169586.284367049112916, -930022.607706763315946 ], [ -7169585.455036842264235, -930017.969319489202462 ], [ -7169553.892355575226247, -929843.232760271290317 ], [ -7169553.06079897750169, -929838.675393342738971 ], [ -7169392.711392343975604, -929000.451802151976153 ], [ -7169391.918797574006021, -928996.491957051912323 ], [ -7169387.72012847661972, -928977.207065111258999 ], [ -7169387.594379390589893, -928976.524986753123812 ], [ -7169374.877641847357154, -928907.817148389760405 ], [ -7169358.295490498654544, -928818.573199444916099 ], [ -7169348.980519266799092, -928768.569574391818605 ], [ -7169327.922123885713518, -928656.392867395305075 ], [ -7169325.079024087637663, -928641.342609133804217 ], [ -7169324.167956713587046, -928636.535641581285745 ], [ -7169283.953128864988685, -928411.801770610385574 ], [ -7169213.641757123172283, -928006.561269276193343 ], [ -7169163.541307010687888, -927722.668030006228946 ], [ -7169123.193487268872559, -927497.827067121514119 ], [ -7168997.027853480540216, -926780.445145573699847 ], [ -7168986.641658273525536, -926721.595076042111032 ], [ -7168985.353622416965663, -926714.322227015276439 ], [ -7168870.643873484805226, -926065.35752958827652 ], [ -7168868.70404492225498, -926054.387998613761738 ], [ -7168861.777504644356668, -926017.167265690281056 ], [ -7168777.78381210193038, -925536.325646670302376 ], [ -7168712.13308325316757, -925147.170234891353175 ], [ -7168623.812422170303762, -924639.591612575692125 ], [ -7168403.398717203177512, -923410.405450868187472 ], [ -7168397.847788411192596, -923379.649611584609374 ], [ -7168311.799632485955954, -922899.857033930835314 ], [ -7168271.263053449802101, -922676.743703408283181 ], [ -7168243.655819734558463, -922526.728467554203235 ], [ -7168230.18195188511163, -922453.516347420867532 ], [ -7168220.395818316377699, -922400.502614092198201 ], [ -7168217.672943569719791, -922385.796591478982009 ], [ -7168190.794402297586203, -922241.806298386305571 ], [ -7168188.025886560790241, -922227.094655255670659 ], [ -7168161.425375555641949, -922086.071919743670151 ], [ -7168098.001638145186007, -921751.371287232963368 ], [ -7168028.114434184506536, -921389.946075882180594 ], [ -7168025.044242629781365, -921374.376141875516623 ], [ -7167907.382657019421458, -920795.700901316478848 ], [ -7167904.145486228168011, -920780.247980712796561 ], [ -7167810.345764408819377, -920345.688919738284312 ], [ -7167793.638663366436958, -920259.213927392847836 ], [ -7167787.440394117496908, -920228.447114415699616 ], [ -7167765.626519900746644, -920120.779031069832854 ], [ -7167762.519592916592956, -920105.530076334485784 ], [ -7167695.793142719194293, -919783.452228565118276 ], [ -7167692.584914992563426, -919768.21902982192114 ], [ -7167634.748523159883916, -919497.325339035945944 ], [ -7167628.165088471956551, -919466.902834337437525 ], [ -7167600.877286792732775, -919341.581785700283945 ], [ -7167558.353241310454905, -919147.485102752922103 ], [ -7167538.630425702780485, -919057.855865237070248 ], [ -7167535.339821557514369, -919042.967013260466047 ], [ -7167504.70308293774724, -918905.268420699052513 ], [ -7167475.136682033538818, -918773.259206665214151 ], [ -7167380.791800430044532, -918345.612452793982811 ], [ -7167332.086537733674049, -918125.292789914179593 ], [ -7167309.931194050237536, -918025.566745822317898 ], [ -7167171.126920979470015, -917403.77936020155903 ], [ -7167165.711209184490144, -917379.591233298531733 ], [ -7167011.662114116363227, -916688.697525264811702 ], [ -7166976.635250124149024, -916532.090712225530297 ], [ -7166872.669409730471671, -916062.867452460457571 ], [ -7166848.236142794601619, -915953.177934931707568 ], [ -7166844.994519227184355, -915938.701823513605632 ], [ -7166839.948762131854892, -915916.443999434704892 ], [ -7166707.591449713334441, -915323.380488929222338 ], [ -7166660.333687409758568, -915113.749091127188876 ], [ -7166603.214543483220041, -914862.887517450959422 ], [ -7166589.234404255636036, -914801.66577209404204 ], [ -7166575.485333950258791, -914741.62965777842328 ], [ -7166534.417807333171368, -914563.798099127830938 ], [ -7166530.916809348389506, -914548.763209546683356 ], [ -7166517.965807312168181, -914493.194667757023126 ], [ -7166398.815999278798699, -913993.627923823310994 ], [ -7166395.173625536262989, -913978.69654945412185 ], [ -7166367.299564122222364, -913864.654225193778984 ], [ -7166297.344447347335517, -913582.079651154112071 ], [ -7166289.236041514202952, -913549.730792538728565 ], [ -7166198.723860464058816, -913179.224393271841109 ], [ -7166092.440609589219093, -912712.3565695512807 ], [ -7166044.456354893743992, -912503.643499245401472 ], [ -7166037.566791604273021, -912473.967732629505917 ], [ -7166024.931714934296906, -912419.671181362238713 ], [ -7166012.00841290038079, -912364.352218841435388 ], [ -7166008.538584372960031, -912349.537408203468658 ], [ -7165980.670019813813269, -912231.197704745922238 ], [ -7165977.164569045417011, -912216.393023070413619 ], [ -7165926.84399132616818, -912005.905313712079078 ], [ -7165923.277314840815961, -911991.12763432902284 ], [ -7165903.535338182933629, -911909.63112498249393 ], [ -7165899.969774891622365, -911894.965939463698305 ], [ -7165884.660151825286448, -911832.090311443898827 ], [ -7165837.894576211459935, -911641.703367435955442 ], [ -7165834.369087938219309, -911627.471282963408157 ], [ -7165799.85375683568418, -911488.983127294690348 ], [ -7165789.296216331422329, -911446.878591758548282 ], [ -7165765.116479345597327, -911350.850545490626246 ], [ -7165730.061971697956324, -911212.214079852215946 ], [ -7165709.356457002460957, -911130.615304852952249 ], [ -7165672.553372453898191, -910986.087771685095504 ], [ -7165645.193159733898938, -910873.327960756607354 ], [ -7165576.35324077680707, -910582.207447480410337 ], [ -7165515.856425879523158, -910284.615579837234691 ], [ -7165510.48164960835129, -910258.202202017302625 ], [ -7165504.296131293289363, -910227.819296890636906 ], [ -7165377.736519974656403, -909608.310763574787416 ], [ -7165371.600320840254426, -909578.313200687407516 ], [ -7165315.420126201584935, -909304.72825789055787 ], [ -7165266.279819408431649, -909065.957017869921401 ], [ -7165226.911070577800274, -908874.712794339517131 ], [ -7165216.791858747601509, -908825.680366468033753 ], [ -7165198.402992062270641, -908736.802318083005957 ], [ -7165189.277672193944454, -908692.785384515183978 ], [ -7165158.726720569655299, -908545.69004293018952 ], [ -7165117.769485512748361, -908349.259227923233993 ], [ -7165067.008855975233018, -908106.353305436787196 ], [ -7165053.130213057622313, -908040.167558927438222 ], [ -7165034.379558031447232, -907951.047802866552956 ], [ -7165027.306398253887892, -907917.475941665121354 ], [ -7164923.196872151456773, -907435.38889705738984 ], [ -7164919.940777044743299, -907420.663660717080347 ], [ -7164850.98333587218076, -907113.406050281017087 ], [ -7164847.642637955024838, -907098.737056308775209 ], [ -7164787.647008865140378, -906838.508216582820751 ], [ -7164784.226160912774503, -906823.84935018431861 ], [ -7164713.094450228847563, -906523.237951211398467 ], [ -7164709.563395977951586, -906508.518353163846768 ], [ -7164557.932268194854259, -905893.621156407520175 ], [ -7164554.199725667946041, -905878.886941473931074 ], [ -7164389.500797234475613, -905246.145874844747595 ], [ -7164385.563426848500967, -905231.41503902617842 ], [ -7164007.292018763720989, -903891.284564287401736 ], [ -7164002.942766256630421, -903876.65833491855301 ], [ -7163600.781755186617374, -902588.14351136260666 ], [ -7163596.045110855251551, -902573.657880290411413 ], [ -7163209.97181483078748, -901439.173885521129705 ], [ -7163204.892306465655565, -901424.814230871736072 ], [ -7162844.670391804538667, -900439.479363040532917 ], [ -7162839.289207615889609, -900425.225439258967526 ], [ -7162281.225159198045731, -899012.338180455844849 ], [ -7162275.408715810626745, -898998.242850533337332 ], [ -7161628.516507695429027, -897500.378968102741055 ], [ -7161622.236975217238069, -897486.466976312804036 ], [ -7161242.890333574265242, -896665.907436856068671 ], [ -7161236.348087099380791, -896652.085429098340683 ], [ -7161057.656749308109283, -896278.566156878019683 ], [ -7161051.004296538420022, -896264.807139166397974 ], [ -7160516.097511547617614, -895191.51689543784596 ], [ -7160509.113326697610319, -895177.914221592363901 ], [ -7159905.366893479600549, -894038.440934143145569 ], [ -7159898.01201472338289, -894024.982231821282767 ], [ -7159308.08304843865335, -892975.687401584698819 ], [ -7159300.395324398763478, -892962.390666573541239 ], [ -7158652.366258813999593, -891873.628503242507577 ], [ -7158644.337897142395377, -891860.520729260868393 ], [ -7158162.278261672705412, -891089.306483770138584 ], [ -7158154.02948740310967, -891076.373048985144123 ], [ -7157657.275626372545958, -890312.929758397396654 ], [ -7157648.80643951613456, -890300.169537906185724 ], [ -7157177.101781167089939, -889602.299587588873692 ], [ -7157168.445577560923994, -889589.722703942097723 ], [ -7156760.342036681249738, -889005.728652550838888 ], [ -7156751.56672122143209, -888993.359849931905046 ], [ -7156475.118673393502831, -888607.598988471319899 ], [ -7156466.291037775576115, -888595.403399694245309 ], [ -7155878.586671847850084, -887800.152210600906983 ], [ -7155869.578698650933802, -887788.211941714747809 ], [ -7155669.194655836559832, -887524.420578629244119 ], [ -7155588.24757491145283, -887418.589175295433961 ], [ -7154988.417296015657485, -886650.007758653722703 ], [ -7154979.232324828393757, -886638.472427549539134 ], [ -7154148.626103366725147, -885622.952488752896897 ], [ -7154139.142795946449041, -885611.66347853676416 ], [ -7153458.080581697635353, -884817.927411268581636 ], [ -7153448.373522100970149, -884806.850979598821141 ], [ -7153043.292674830183387, -884350.277991438633762 ], [ -7153033.463163790293038, -884339.334281691466458 ], [ -7152616.583767888136208, -883880.945846096263267 ], [ -7152606.601749153807759, -883870.105614974512719 ], [ -7152028.64705166965723, -883253.013591407681815 ], [ -7152018.431262000463903, -883242.289210954098962 ], [ -7151312.961480221711099, -882516.549766397918575 ], [ -7151302.491882110014558, -882505.995223962236196 ], [ -7150554.642301534302533, -881767.758276395965368 ], [ -7150543.975667924620211, -881757.44780453608837 ], [ -7150120.758342817425728, -881353.126553076202981 ], [ -7150110.012672369368374, -881342.980295269517228 ], [ -7149710.0821164380759, -880969.477009096532129 ], [ -7149699.229579283855855, -880959.452225215150975 ], [ -7149431.728028469718993, -880714.147092087310739 ], [ -7149420.829850320704281, -880704.225786256720312 ], [ -7148557.213279793038964, -879936.08584160450846 ], [ -7148546.110273781232536, -879926.437849000561982 ], [ -7147841.877062385901809, -879325.841139267897233 ], [ -7147830.551417393609881, -879316.361859219847247 ], [ -7147455.238874959759414, -879005.333083558361977 ], [ -7147420.750983519479632, -878977.034722736105323 ], [ -7147371.394637106917799, -878936.586139620747417 ], [ -7147270.425182530656457, -878854.12238421512302 ], [ -7147258.845729094929993, -878844.690353084588423 ], [ -7147159.71806869469583, -878764.156412067473866 ], [ -7147148.108559003099799, -878754.749127095332369 ], [ -7147101.232967905700207, -878716.812240194762126 ], [ -7147077.970533913001418, -878698.00892354582902 ], [ -7147024.938133265823126, -878655.201895531849004 ], [ -7147013.245133953168988, -878645.776620759977959 ], [ -7146950.823862771503627, -878595.517602839623578 ], [ -7146825.959913542494178, -878495.342804045299999 ], [ -7146814.281385762616992, -878486.004141704528593 ], [ -7146192.039375289343297, -877996.458253437420353 ], [ -7146180.242848850786686, -877987.327668684185483 ], [ -7145028.705488630570471, -877122.26211919169873 ], [ -7145016.664059315808117, -877113.484702446963638 ], [ -7143937.123189969919622, -876348.238137719337828 ], [ -7143924.856895272620022, -876339.784645726671442 ], [ -7143222.793356919661164, -875864.675024625612423 ], [ -7143210.395705236122012, -875856.43748287553899 ], [ -7142168.529594928026199, -875182.659165732446127 ], [ -7142155.996133457869291, -875174.772541983285919 ], [ -7141097.244963834993541, -874526.763597711571492 ], [ -7141084.563447445631027, -874519.216644465690479 ], [ -7140063.259350731037557, -873927.634342365548946 ], [ -7140050.443137750960886, -873920.411313191056252 ], [ -7138942.973481993190944, -873314.549823860288598 ], [ -7138930.032591192051768, -873307.681086362572387 ], [ -7137989.390087788924575, -872821.106517592328601 ], [ -7137976.391310846433043, -872814.55608019977808 ], [ -7137484.420960207469761, -872570.018751171650365 ], [ -7137471.412164513021708, -872563.641523380530998 ], [ -7136752.695230796933174, -872218.389375785831362 ], [ -7136739.621869799681008, -872212.237095170188695 ], [ -7135691.712595521472394, -871733.761000475031324 ], [ -7135678.579122001305223, -871727.946140043786727 ], [ -7134672.605328099802136, -871295.661125209531747 ], [ -7134659.458496234379709, -871290.181435380014591 ], [ -7133476.071674364618957, -870814.560271555674262 ], [ -7133462.84246607683599, -870809.43824682070408 ], [ -7132232.552254252135754, -870351.579096734058112 ], [ -7132219.17944382596761, -870346.801240190630779 ], [ -7130912.999588114209473, -869900.36122335982509 ], [ -7130899.44198732636869, -869895.93540803110227 ], [ -7129832.187342477031052, -869560.699200447299518 ], [ -7129818.46832843311131, -869556.557942373910919 ], [ -7129219.775360910221934, -869379.904938381398097 ], [ -7129205.960612102411687, -869375.922267695888877 ], [ -7129026.918121470138431, -869324.666849614819512 ], [ -7129013.121183783747256, -869320.744914713781327 ], [ -7128739.362304362468421, -869243.766604829928838 ], [ -7128656.670847012661397, -869220.768124592490494 ], [ -7128432.227709827944636, -869158.907684968551621 ], [ -7128008.894228391349316, -869043.289363680174574 ], [ -7127948.953019675798714, -869007.788440608885139 ], [ -7127430.606796042993665, -868699.844896445400082 ], [ -7127398.377336493693292, -868680.90290829713922 ], [ -7127398.39033236540854, -868680.881011150544509 ], [ -7126625.74067108053714, -868222.316425185184926 ], [ -7126375.100792896002531, -868073.615374002489261 ], [ -7126360.680374302901328, -868065.06060914718546 ], [ -7126203.770352032966912, -867972.600186935160309 ], [ -7125629.616091342642903, -867632.025753894587979 ], [ -7125008.140937834046781, -867262.696837069815956 ], [ -7124819.392797616310418, -867150.679331434308551 ], [ -7124695.719030313193798, -867077.294954795157537 ], [ -7124652.288517749868333, -867051.551313274540007 ], [ -7123518.952054563909769, -866399.989556680899113 ], [ -7123505.339907228015363, -866392.398871580837294 ], [ -7122784.614550998434424, -865998.219731319695711 ], [ -7122770.898876540362835, -865990.864077537087724 ], [ -7122231.844947597011924, -865705.990068456041627 ], [ -7122218.037991154938936, -865698.800848617218435 ], [ -7121655.724350918084383, -865410.50865134911146 ], [ -7121641.79494303278625, -865403.477993538603187 ], [ -7120776.46953883394599, -864977.141743798973039 ], [ -7120762.378717693500221, -864970.367483382578939 ], [ -7119950.774076418951154, -864589.104480431764387 ], [ -7119936.532973960042, -864582.56974911224097 ], [ -7119099.558650020509958, -864207.765414396882989 ], [ -7119085.191756537184119, -864201.489329333766364 ], [ -7118428.366608327254653, -863920.131221428280696 ], [ -7118413.908432865515351, -863914.059804365271702 ], [ -7117697.944630841724575, -863619.903492691228166 ], [ -7117683.406305341050029, -863614.061483531957492 ], [ -7116603.717992642894387, -863194.663712069625035 ], [ -7116589.051649732515216, -863189.161316071986221 ], [ -7115991.261752417311072, -862969.220902851084247 ], [ -7115976.580937968567014, -862963.925423665205017 ], [ -7115440.448398836888373, -862773.977634557173587 ], [ -7115425.718603817746043, -862768.853086701943539 ], [ -7114818.189322639256716, -862561.853087582276203 ], [ -7114803.339302570559084, -862556.89947099937126 ], [ -7114342.841319786384702, -862405.764446906745434 ], [ -7114327.866621881723404, -862400.930032518575899 ], [ -7114026.599183998070657, -862304.720210975967348 ], [ -7114011.596656226553023, -862299.981383325764909 ], [ -7113574.699578090570867, -862164.174476006999612 ], [ -7113559.668107244186103, -862159.577341351658106 ], [ -7113084.320951100438833, -862016.776131288846955 ], [ -7113069.298385816626251, -862012.344305005739443 ], [ -7112370.623304679058492, -861811.736313265399076 ], [ -7112355.559551188722253, -861807.529396103112958 ], [ -7112137.671292461454868, -861747.209531252039596 ], [ -7112122.545200049877167, -861743.058841655496508 ], [ -7112094.561565193347633, -861735.386126799974591 ], [ -7111986.253551909700036, -861705.827373206033371 ], [ -7111539.087638325057924, -861584.328872014652006 ], [ -7109214.394098115153611, -860084.003387772710994 ], [ -7109148.694447848014534, -860046.163509393925779 ], [ -7105129.206062838435173, -857967.438574726460502 ], [ -7105052.987833881750703, -857932.297236202401109 ], [ -7101886.434717136435211, -856602.215634773136117 ], [ -7101806.64313252363354, -856571.879913624492474 ], [ -7099442.501252149231732, -855740.257619243231602 ], [ -7099082.9326177155599, -855623.814962907112204 ], [ -7098499.311330404132605, -855438.755398010602221 ], [ -7097988.334830157458782, -855280.167102155275643 ], [ -7097455.925825988873839, -855115.466109330067411 ], [ -7097298.942854257300496, -855067.192893436527811 ], [ -7096013.180424590595067, -854674.123371434980072 ], [ -7095597.789463957771659, -854545.18876463570632 ], [ -7094987.636032650247216, -854356.389499694341794 ], [ -7094404.066111308522522, -854174.494139467016794 ], [ -7094034.096016090363264, -854063.499992388184182 ], [ -7093489.444551975466311, -853894.851436970755458 ], [ -7092902.987817883491516, -853713.07921415346209 ], [ -7092673.78005619160831, -853642.638251736061648 ], [ -7092277.225584769621491, -853521.807624967070296 ], [ -7092772.770026884041727, -850461.890529382159002 ], [ -7092773.798618978820741, -850453.46155634697061 ], [ -7093086.696066574193537, -846747.42349330347497 ], [ -7093087.119080639444292, -846738.435285460087471 ], [ -7093108.079932591877878, -842535.600486678653397 ], [ -7093107.723710218444467, -842525.991281310562044 ], [ -7092811.092830458655953, -838634.952089931815863 ], [ -7092809.917296638712287, -838624.785896352026612 ], [ -7092124.15427381452173, -834336.261849628062919 ], [ -7092121.972411791794002, -834325.608291940414347 ], [ -7091099.036020562052727, -830222.20872824289836 ], [ -7091095.807755330577493, -830211.255341664189473 ], [ -7090284.740927848033607, -827704.82216216949746 ], [ -7090280.943820017389953, -827694.064173655584455 ], [ -7090241.480757585726678, -827582.676754157873802 ], [ -7090156.529514577239752, -827343.792753243353218 ], [ -7090130.845239887945354, -827271.742859481368214 ], [ -7090126.21768865454942, -827258.792913575889543 ], [ -7090054.981297571212053, -827060.75807695381809 ], [ -7089903.24615244846791, -826641.710384980542585 ], [ -7089880.76493563875556, -826579.945440134615637 ], [ -7089880.79738244600594, -826579.933653814834543 ], [ -7089589.032336666248739, -825776.727522038738243 ], [ -7089541.875523972325027, -825647.463074744562618 ], [ -7089507.035262076184154, -825552.36690484918654 ], [ -7089203.814361898228526, -824716.27780353941489 ], [ -7088930.377877587452531, -823963.366084874258377 ], [ -7088870.280183710157871, -823798.788700612029061 ], [ -7088778.280190539546311, -823548.210425529046915 ], [ -7088693.982139287516475, -823318.716243349714205 ], [ -7088513.790120149031281, -822828.8707855012035 ], [ -7088424.815095002762973, -822588.900859437999316 ], [ -7088418.989746047183871, -822573.312126013799571 ], [ -7088335.102210685610771, -822349.332447968889028 ], [ -7088063.129406296648085, -821610.348920119693503 ], [ -7087872.475846615619957, -821092.358810628647916 ], [ -7087672.417618448846042, -820545.981102522462606 ], [ -7087557.31606877502054, -820234.829133146093227 ], [ -7087490.668211443349719, -820056.48177389788907 ], [ -7087284.037657771259546, -819498.301497857784852 ], [ -7086892.193507753312588, -818437.740065465215594 ], [ -7086589.276380835101008, -817616.732412185636349 ], [ -7086407.304383296519518, -817124.960407668724656 ], [ -7086267.734407691285014, -816748.47792039392516 ], [ -7086077.400559873320162, -816230.918481074622832 ], [ -7086042.510545870289207, -816136.339323261403479 ], [ -7085888.535564942285419, -815720.239306456409395 ], [ -7085711.105753577314317, -815238.219768170733005 ], [ -7085678.885805496014655, -815150.939148888108321 ], [ -7085540.130678244866431, -814776.139080516877584 ], [ -7085374.378570572473109, -814322.264190373243764 ], [ -7085352.499460616149008, -814262.471342653734609 ], [ -7085126.662270059809089, -813646.502378798089921 ], [ -7084995.710199826397002, -813349.814792374847457 ], [ -7085013.428073826245964, -813343.191119065159 ], [ -7084837.18751744646579, -812871.759660165756941 ], [ -7084591.866488792933524, -812208.555026555317454 ], [ -7084541.771433720365167, -812073.286645112209953 ], [ -7084384.523613848723471, -811643.673780174809508 ], [ -7084366.475589802488685, -811594.445204716408625 ], [ -7084361.370477954857051, -811580.542839152738452 ], [ -7084323.106811231933534, -811476.697601149557158 ], [ -7084259.017582126893103, -811303.354942849604413 ], [ -7084043.132944893091917, -810717.875235511921346 ], [ -7083990.531866354867816, -810575.492869838722982 ], [ -7083947.421364123001695, -810458.940863418742083 ], [ -7083662.083599074743688, -809675.923145794542506 ], [ -7083501.881331443786621, -809242.534965576371178 ], [ -7083478.046715270727873, -809178.961010598111898 ], [ -7083401.636870801448822, -808976.487514642300084 ], [ -7083374.525465026497841, -808905.114721367601305 ], [ -7083241.868601649068296, -808549.522018914809451 ], [ -7083194.536524632945657, -808422.682315234327689 ], [ -7083007.123903440311551, -807911.756752655026503 ], [ -7082866.405455809086561, -807532.872702389955521 ], [ -7082758.716013513505459, -807246.471152999904007 ], [ -7082550.295991118997335, -806679.722745685372502 ], [ -7082410.804259308613837, -806305.039551254245453 ], [ -7082341.432669644244015, -806120.957519071758725 ], [ -7082214.025661963969469, -805776.028367456281558 ], [ -7082163.644451694563031, -805640.236686219577678 ], [ -7082030.821374862454832, -805283.824468011385761 ], [ -7081975.167031396180391, -805136.147348321857862 ], [ -7081516.347716061398387, -803901.535807559848763 ], [ -7081174.289714061655104, -802980.225479815388098 ], [ -7081070.675788713619113, -802703.654420602717437 ], [ -7081062.297883834689856, -802681.491197804338299 ], [ -7081050.514197513461113, -802650.390928981010802 ], [ -7080898.016707244329154, -802245.932127587031573 ], [ -7080722.701815534383059, -801773.855751430150121 ], [ -7080692.531885769218206, -801692.830875631654635 ], [ -7080435.027639664709568, -801003.097278921632096 ], [ -7080416.983324056491256, -800954.840874649002217 ], [ -7079961.978947115130723, -799739.918630276224576 ], [ -7079815.248165443539619, -799341.284736052853987 ], [ -7079614.056302581913769, -798810.537576532922685 ], [ -7079457.711088691838086, -798392.218688159715384 ], [ -7079314.363954189233482, -798008.902884917100891 ], [ -7079311.585856650955975, -798001.490358005277812 ], [ -7079139.561422911472619, -797539.027364520239644 ], [ -7079120.719981087371707, -797488.45838497846853 ], [ -7079076.671348214149475, -797370.429965755552985 ], [ -7078920.29866452421993, -796948.494878989411518 ], [ -7078887.697861255146563, -796860.78121969406493 ], [ -7078882.60610774345696, -796847.120827215374447 ], [ -7078848.923739884980023, -796757.021120898425579 ], [ -7078454.459784674458206, -795704.923932703211904 ], [ -7078381.507085363380611, -795510.790346801746637 ], [ -7078341.115193779580295, -795403.703546975273639 ], [ -7078340.325313711538911, -795401.616656856844202 ], [ -7078052.414776716381311, -794626.251644317759201 ], [ -7077987.243009838275611, -794451.736040576128289 ], [ -7077826.389153444208205, -794023.441073370631784 ], [ -7077550.030078665353358, -793287.085597383556888 ], [ -7077510.918945737183094, -793183.224976523662917 ], [ -7077460.969264696352184, -793051.027349063777365 ], [ -7077278.49300807248801, -792563.487304672249593 ], [ -7077217.911722178570926, -792402.470561933936551 ], [ -7077175.134378503076732, -792289.365021102246828 ], [ -7077006.592890069819987, -791837.09951288648881 ], [ -7076983.087021544575691, -791775.327918739174493 ], [ -7076983.314362567849457, -791775.24292487569619 ], [ -7076707.186365656554699, -791036.657588487374596 ], [ -7076486.576840261928737, -790446.70163085788954 ], [ -7076158.978636622428894, -789572.401620579883456 ], [ -7075933.430342407897115, -788961.25293283816427 ], [ -7075823.904957094229758, -788682.595314759179018 ], [ -7075828.657777783460915, -788680.809748986619525 ], [ -7075431.792226707562804, -787624.432643750566058 ], [ -7075338.806512898765504, -787375.444095328915864 ], [ -7075275.331821727566421, -786803.452297993353568 ], [ -7075199.966802190057933, -786129.201254749670625 ], [ -7075145.637306820601225, -785663.073684404138476 ], [ -7075144.625982584431767, -785654.737282089656219 ], [ -7075085.970525827258825, -785152.882161949411966 ], [ -7075030.95740095898509, -784662.321962085668929 ], [ -7075015.110750152729452, -784522.784668311709538 ], [ -7074987.53508791513741, -784282.972080437815748 ], [ -7074925.694528206251562, -783743.971658808761276 ], [ -7074886.124866518191993, -783387.739829985774122 ], [ -7074782.406545140780509, -782428.614351072581485 ], [ -7074772.259541575796902, -782335.59526250034105 ], [ -7074738.508585159666836, -782028.857941205962561 ], [ -7074691.885298995301127, -781620.57354814815335 ], [ -7074640.032044504769146, -781182.468787914840505 ], [ -7074628.015902851708233, -781063.882821074337699 ], [ -7074622.867411073297262, -781013.309909896692261 ], [ -7074533.462194229476154, -780202.885552370338701 ], [ -7074508.917359703220427, -779995.894767635618336 ], [ -7074491.853981806896627, -779855.861958089517429 ], [ -7074422.922137931920588, -779274.325346885132603 ], [ -7074374.0217614620924, -778816.865755712846294 ], [ -7074345.525853681378067, -778556.731466129189357 ], [ -7074318.883759948424995, -778319.263016898068599 ], [ -7074289.790944203734398, -778065.789132836740464 ], [ -7074255.64664890896529, -777774.858043426065706 ], [ -7074202.249897291883826, -777302.782319512334652 ], [ -7074193.959316588938236, -777229.963960229652002 ], [ -7074183.223664897494018, -777136.280817345366813 ], [ -7074167.038864617235959, -776996.778794336831197 ], [ -7074141.309590706601739, -776777.697931940434501 ], [ -7074125.417333103716373, -776643.933450958458707 ], [ -7074109.102534891106188, -776508.173696836573072 ], [ -7074056.35427054669708, -776041.526958500151522 ], [ -7073954.857787224464118, -775114.744968949118629 ], [ -7073905.947493938729167, -774671.054445469053462 ], [ -7073884.37435700558126, -774478.822866255766712 ], [ -7073866.348391862586141, -774320.95503589801956 ], [ -7073850.18063591234386, -774181.107984766014852 ], [ -7073848.353883068077266, -774165.499663147842512 ], [ -7073758.362842675298452, -773442.281540030264296 ], [ -7073756.497128009796143, -773428.130088837933727 ], [ -7073675.328745948150754, -772839.481712234555744 ], [ -7073673.288259683176875, -772825.306712766410783 ], [ -7073659.320906708948314, -772728.942711451440118 ], [ -7073657.113441207446158, -772713.816659989999607 ], [ -7073500.555313329212368, -771712.212772733881138 ], [ -7073497.972701144404709, -771696.721107591874897 ], [ -7073379.962910525500774, -771017.728736632852815 ], [ -7073371.316725670360029, -770969.935974744381383 ], [ -7073332.749931860715151, -770759.328816635999829 ], [ -7073329.740966029465199, -770743.093598194885999 ], [ -7073322.078364028595388, -770701.786216220469214 ], [ -7073308.543760538101196, -770629.131459590396844 ], [ -7073275.684473244473338, -770453.461577579961158 ], [ -7073190.506886378861964, -770009.219698634231463 ], [ -7073188.849339161999524, -770000.781368300667964 ], [ -7072957.082307696342468, -768887.92828186810948 ], [ -7072949.224264840595424, -768852.234742772066966 ], [ -7072586.486609937623143, -767319.902584298280999 ], [ -7072577.068981012329459, -767282.739878018153831 ], [ -7072198.42968702595681, -765875.097109522554092 ], [ -7072195.645586566068232, -765865.317454353091307 ], [ -7071516.600175954401493, -763788.015191405080259 ], [ -7071550.708422113209963, -763776.68585779692512 ], [ -7071376.09399460721761, -763250.989282667404041 ], [ -7071343.268060973845422, -763146.55440527794417 ], [ -7071334.856490231119096, -763120.815691131399944 ], [ -7071198.281189670786262, -762685.990058110794052 ], [ -7071065.662318439222872, -762254.117925389437005 ], [ -7070911.558341257274151, -761761.36023891181685 ], [ -7070754.300467475317419, -761267.483109159045853 ], [ -7070621.36467719823122, -760842.048036115476862 ], [ -7070561.527898433618248, -760651.884623638936318 ], [ -7070459.069439108483493, -760328.520952271879651 ], [ -7070458.342852292582393, -760326.25426549592521 ], [ -7070314.041961281560361, -759867.477914093993604 ], [ -7070253.720218965783715, -759677.066845021559857 ], [ -7070117.391543648205698, -759241.237522862502374 ], [ -7070091.448691315017641, -759158.552338638459332 ], [ -7069809.882737272419035, -758263.859132182435133 ], [ -7069723.478368905372918, -757992.014357383362949 ], [ -7069701.069410465657711, -757922.201908203191124 ], [ -7069580.731255915015936, -757538.804765102220699 ], [ -7069571.362851168960333, -757508.983658323995769 ], [ -7069400.840801597572863, -756964.785462942556478 ], [ -7069364.379168774932623, -756848.928084702929482 ], [ -7069074.679099543020129, -755932.291354119661264 ], [ -7069032.972549712285399, -755800.958211892400868 ], [ -7068897.146377353928983, -755375.278412783984095 ], [ -7068580.703027923591435, -754365.758504625293426 ], [ -7068546.948775615543127, -754258.498166668694466 ], [ -7068261.35862198472023, -753354.534150830702856 ], [ -7067984.465553529560566, -752478.457314783823676 ], [ -7067759.026817825622857, -751764.051993036177009 ], [ -7067406.149876474402845, -750635.672760149929672 ], [ -7067329.335427012294531, -750392.229808195610531 ], [ -7067280.797902637161314, -750239.760465220082551 ], [ -7066956.001603551208973, -749254.938939921790734 ], [ -7066907.725679977796972, -749113.508414492476732 ], [ -7066821.784281359054148, -748863.88952937873546 ], [ -7066817.372689937241375, -748851.185018743271939 ], [ -7066533.07239368185401, -748054.280026192660443 ], [ -7066518.735556461848319, -748015.14284209581092 ], [ -7066141.164265571162105, -747017.515033090487123 ], [ -7066135.694025794044137, -747003.514409282943234 ], [ -7065824.788691865280271, -746227.002826897311024 ], [ -7065766.8168406477198, -746085.651335164788179 ], [ -7064355.716477289795876, -742955.65621842991095 ], [ -7064350.848475955426693, -742945.778334079775959 ], [ -7063757.29335799254477, -741780.078006439143792 ], [ -7063733.717003040015697, -741735.236246592830867 ], [ -7063718.982114918529987, -741707.22767318203114 ], [ -7063445.849474871531129, -741195.39040970033966 ], [ -7063409.896618927828968, -741128.947461372357793 ], [ -7062851.557063242420554, -740124.839984734891914 ], [ -7062844.575104777701199, -740112.616554264794104 ], [ -7062548.665956408716738, -739601.594068881939165 ], [ -7062501.031233105808496, -739520.439845099463128 ], [ -7061884.273004671558738, -738497.854258506675251 ], [ -7061878.363052905537188, -738488.315021002897993 ], [ -7061592.881979923695326, -738033.004545606090687 ], [ -7061554.771752254106104, -737972.942594346241094 ], [ -7061429.877917435020208, -737777.116056455648504 ], [ -7061412.847148536704481, -737750.549072154215537 ], [ -7061334.441268308088183, -737628.629909597919323 ], [ -7061078.78492575045675, -737232.354549365350977 ], [ -7061046.965016284957528, -737183.09612472250592 ], [ -7060783.680438629351556, -736776.045547057292424 ], [ -7060208.23783303424716, -735881.157454528496601 ], [ -7059832.103515530005097, -735296.938179289805703 ], [ -7059757.927836589515209, -735182.075368845718913 ], [ -7059346.375195268541574, -734546.684323958936147 ], [ -7059009.453814533539116, -734026.374075087951496 ], [ -7058725.817088268697262, -733587.124876536196098 ], [ -7058534.989760338328779, -733126.294575130916201 ], [ -7058525.452226336114109, -733103.658520229393616 ], [ -7058328.090838877484202, -732626.886382820433937 ], [ -7058028.171238224953413, -731903.80228747613728 ], [ -7057875.782134771347046, -731540.781184137566015 ], [ -7057863.279734052717686, -731475.194857521448284 ], [ -7057858.225829172879457, -731448.910752379801124 ], [ -7057849.168846691958606, -731405.317965704714879 ], [ -7057757.071411050856113, -730920.96785951370839 ], [ -7057745.511468218639493, -730860.263516962528229 ], [ -7057744.331641714088619, -730854.470216009067371 ], [ -7057664.97051299829036, -730429.069870634935796 ], [ -7057605.619698421098292, -730129.805558933061548 ], [ -7057501.837586858309805, -729582.326347967842594 ], [ -7057422.406647152267396, -729157.022917769732885 ], [ -7057406.128147218376398, -729070.285870202002116 ], [ -7057330.43089348077774, -728668.900964888511226 ], [ -7057311.064819196239114, -728566.795100787538104 ], [ -7057269.887809608131647, -728350.918735630461015 ], [ -7057167.791661853902042, -727807.582046616007574 ], [ -7057158.32459557428956, -727757.341614571399987 ], [ -7057112.417550764977932, -727514.40177019208204 ], [ -7057103.070982183329761, -727465.075519358972088 ], [ -7056995.647615415044129, -726899.703628896153532 ], [ -7056894.335263164713979, -726362.021370929665864 ], [ -7056866.821824074722826, -726217.176687897066586 ], [ -7056797.322161003015935, -725854.214921851176769 ], [ -7056685.421698013320565, -725260.590420531574637 ], [ -7056669.968658497557044, -725178.985463371034712 ], [ -7056399.134190351702273, -723755.222811920219101 ], [ -7056298.92564005125314, -723219.110088138259016 ], [ -7056264.415707916021347, -723036.365408103214577 ], [ -7056261.503590036183596, -723021.100262192310765 ], [ -7056117.183519639074802, -722260.42122242168989 ], [ -7056107.283375683240592, -722208.408322792500257 ], [ -7056000.808154376223683, -721639.612868184573017 ], [ -7055894.969236498698592, -721091.172643308993429 ], [ -7055891.9324407922104, -721075.895599906682037 ], [ -7055850.316468375734985, -720868.828399148536846 ], [ -7055847.409916467033327, -720854.522842334699817 ], [ -7055630.44688353408128, -719840.65795480448287 ], [ -7055602.097148814238608, -719714.582760222372599 ], [ -7055133.671759913675487, -717807.254166979691945 ], [ -7055117.581640713848174, -717746.883481832453981 ], [ -7055048.378321221098304, -717489.978972288197838 ], [ -7055045.584202005527914, -717479.715133125311695 ], [ -7054743.537393499165773, -716416.67953348683659 ], [ -7054696.893413659185171, -716259.161212728125975 ], [ -7053610.587074784561992, -713005.155884968582541 ], [ -7053605.577697698958218, -712991.705366169568151 ], [ -7052985.651509881950915, -711409.8670200179331 ], [ -7052927.758695501834154, -711269.226150889880955 ], [ -7052067.40021712705493, -709300.408716654637828 ], [ -7052061.345550022087991, -709287.32687934814021 ], [ -7051931.142474690452218, -709008.265144009143114 ], [ -7051905.619141843169928, -708953.998241983004846 ], [ -7051759.86315381154418, -708646.812787836650386 ], [ -7051753.158380878157914, -708632.805434525478631 ], [ -7051716.855549053288996, -708557.12613612448331 ], [ -7051703.12206347566098, -708528.557914044242352 ], [ -7051481.267327656969428, -708072.984855743823573 ], [ -7051467.450352459214628, -708044.973535432596691 ], [ -7051416.568746501579881, -707942.118312144302763 ], [ -7051403.225992335937917, -707915.224141161306761 ], [ -7051305.610163124278188, -707719.541893643210642 ], [ -7051298.747316514141858, -707705.859508726163767 ], [ -7050497.730569464154541, -706175.433037551585585 ], [ -7050490.247673293575644, -706161.718161594355479 ], [ -7049739.867052143439651, -704834.90994329424575 ], [ -7049703.557973830960691, -704772.933088209247217 ], [ -7049320.345210556872189, -704129.902926255948842 ], [ -7049225.940716390497983, -703974.155455113737844 ], [ -7049093.842345024459064, -703757.4635564845521 ], [ -7049090.551740879192948, -703752.096400508540682 ], [ -7048939.591991224326193, -703507.812366432044655 ], [ -7048758.890253332443535, -703212.738997133565135 ], [ -7048700.767904018983245, -703118.065554089844227 ], [ -7047906.587940026074648, -701827.671115013770759 ], [ -7047849.680756291374564, -701735.431656993110664 ], [ -7047598.354741923511028, -701329.049780232831836 ], [ -7047274.31309889536351, -700812.165988446678966 ], [ -7047267.460271041840315, -700801.38169025676325 ], [ -7046793.378466363996267, -700069.497117388993502 ], [ -7046762.693248727358878, -700023.018776676035486 ], [ -7045315.097763882949948, -697946.656528888270259 ], [ -7045252.606341334991157, -697861.689847285975702 ], [ -7045146.407976971939206, -697717.836489471024834 ], [ -7045128.481086178682745, -697693.643871404230595 ], [ -7044299.489591564051807, -696606.308260204852559 ], [ -7044290.270111337304115, -696594.552569782477804 ], [ -7043662.330283092334867, -695828.840799142722972 ], [ -7043576.097354240715504, -695670.722993895062245 ], [ -7043568.498685795813799, -695657.062121062888764 ], [ -7043300.310996812768281, -695181.055649849935435 ], [ -7043292.568726229481399, -695167.487764725461602 ], [ -7043000.055938471108675, -694661.762678489903919 ], [ -7042992.058746255934238, -694648.120857212808914 ], [ -7042942.775429972447455, -694564.239231216604821 ], [ -7042934.735936342738569, -694550.586210273206234 ], [ -7042738.236956693232059, -694219.80040770478081 ], [ -7042730.072785240598023, -694206.176517679239623 ], [ -7042640.862985200248659, -694057.891037965542637 ], [ -7042632.607531763613224, -694044.222339487168938 ], [ -7042510.176255809143186, -693842.587084616650827 ], [ -7042501.846218311227858, -693828.94079528702423 ], [ -7042195.456981462426484, -693333.525527203921229 ], [ -7042186.963304316624999, -693319.968864566413686 ], [ -7041954.17819217313081, -692951.994135320768692 ], [ -7041945.564289974980056, -692938.508054338744842 ], [ -7041763.697599239647388, -692655.87273443932645 ], [ -7041755.032490074634552, -692642.505407622316852 ], [ -7041380.155716449022293, -692072.749111147830263 ], [ -7041371.421589201316237, -692059.669702478917316 ], [ -7041291.428490517660975, -691940.25156813650392 ], [ -7041247.535215301439166, -691874.928509194636717 ], [ -7040846.490464887581766, -691287.16180823254399 ], [ -7040837.377851367928088, -691274.008478471077979 ], [ -7040251.12081388477236, -690445.871224667527713 ], [ -7040119.013521382585168, -690263.217149918084033 ], [ -7040009.204266518354416, -690111.625214877189137 ], [ -7039968.936781824566424, -690056.126419019536115 ], [ -7039617.905676305294037, -689573.013877696124837 ], [ -7039379.81514560058713, -689242.302833873545751 ], [ -7039341.902761231176555, -689189.713941925903782 ], [ -7039265.459666900336742, -689083.823250785819255 ], [ -7039153.346410498954356, -688929.817454229574651 ], [ -7038890.206626343540847, -688555.725773864192888 ], [ -7038315.648927666246891, -687755.768636241438799 ], [ -7038306.217940410599113, -687742.907133694039658 ], [ -7037882.874631804414093, -687174.07563199615106 ], [ -7037875.188981897197664, -687163.900143702863716 ], [ -7037789.679046250879765, -687048.805119717726484 ], [ -7037525.346312938258052, -686682.835800710250624 ], [ -7037398.007254320196807, -686506.799170897924341 ], [ -7037360.941388725303113, -686455.634138710564002 ], [ -7037295.333829041570425, -686365.191011296119541 ], [ -7037116.731487167999148, -686116.257541378377937 ], [ -7036998.547472991980612, -685952.23540110536851 ], [ -7036764.460394971072674, -685628.737647221190855 ], [ -7036607.697988633997738, -685413.309938971768133 ], [ -7036514.656045038253069, -685286.162266489583999 ], [ -7036411.864025178365409, -685146.201141459285282 ], [ -7036403.138803484849632, -685134.36406096292194 ], [ -7035962.189476808533072, -684545.275409838999622 ], [ -7035953.231597384437919, -684533.489860670058988 ], [ -7035636.021107798442245, -684120.627538818051107 ], [ -7035608.478439387865365, -684085.163367440109141 ], [ -7035483.740747874602675, -683925.220798127935268 ], [ -7035456.53871710319072, -683890.487013529287651 ], [ -7034796.965257182717323, -683066.360612312564626 ], [ -7034789.432267244905233, -683057.149279360077344 ], [ -7034150.430849163793027, -682291.489308602176607 ], [ -7034142.399147902615368, -682282.058419693028554 ], [ -7033994.72929841093719, -682109.459073932142928 ], [ -7033966.812596505507827, -682076.9791447595926 ], [ -7032718.607257192023098, -680678.644203994306736 ], [ -7032673.945877484977245, -680630.460355485323817 ], [ -7032590.365583531558514, -680540.509820882230997 ], [ -7032572.602332386188209, -680521.439719184068963 ], [ -7032212.877969087101519, -680139.291394712985493 ], [ -7032187.729782924987376, -680112.854939060402103 ], [ -7031710.327000896446407, -679617.857948543620296 ], [ -7031701.380253423936665, -679608.708249284303747 ], [ -7031563.597636635415256, -679468.353421040577814 ], [ -7031553.847162434831262, -679458.459918300388381 ], [ -7030808.339206788688898, -678717.750210633384995 ], [ -7030798.978350809775293, -678708.643081560963765 ], [ -7030314.616364639252424, -678243.698955892468803 ], [ -7030261.889887825585902, -678193.762117384583689 ], [ -7030143.121957919560373, -678081.645340494229458 ], [ -7029981.807770614512265, -677929.862442512763664 ], [ -7029813.274689931422472, -677772.019272771198303 ], [ -7029577.090352702885866, -677551.837442642077804 ], [ -7029052.4084637677297, -677063.620731284376234 ], [ -7028991.514496501535177, -677007.056928409612738 ], [ -7028906.253507951274514, -676927.990743025322445 ], [ -7028886.004368399269879, -676895.160088455770165 ], [ -7028581.277041215449572, -676396.471001124591567 ], [ -7028538.974929717369378, -676329.284904609550722 ], [ -7028287.712975694797933, -675918.211297628236935 ], [ -7027931.631502041593194, -675335.652390419272706 ], [ -7027868.898346559144557, -675233.850386719685048 ], [ -7027582.246785280294716, -674763.63370066776406 ], [ -7027491.265282271429896, -674614.973317086929455 ], [ -7027252.166600778698921, -674225.819971486227587 ], [ -7027217.226737259887159, -674169.037297298316844 ], [ -7027152.023571916855872, -674063.230199023149908 ], [ -7026342.428382343612611, -672792.737207666621543 ], [ -7026338.082469424232841, -672786.138689262443222 ], [ -7026271.596800018101931, -672685.456338775693439 ], [ -7026216.494765271432698, -672602.231301530031487 ], [ -7025681.623155397363007, -671810.89721917535644 ], [ -7025673.637095126323402, -671799.32183248992078 ], [ -7024856.741606148891151, -670650.274420660221949 ], [ -7024817.824312168173492, -670597.1358546736883 ], [ -7024104.278620124794543, -669646.748067373177037 ], [ -7024095.157101046293974, -669634.894956261501648 ], [ -7023737.460017209872603, -669175.635860695620067 ], [ -7023728.423100947402418, -669164.171360112377442 ], [ -7023632.752023819833994, -669043.184497090638615 ], [ -7023574.460685662925243, -668969.701771853258833 ], [ -7023375.705357045866549, -668720.781195362680592 ], [ -7023369.405787063762546, -668712.94296880136244 ], [ -7021854.297480836510658, -666915.96294936304912 ], [ -7021784.878646371886134, -666837.450832725851797 ], [ -7020949.585079211741686, -665916.089923223480582 ], [ -7020940.040546075440943, -665905.821514675975777 ], [ -7020310.91247518081218, -665241.27936237771064 ], [ -7020300.969418259337544, -665230.967279352713376 ], [ -7019386.94311582762748, -664307.344343151431531 ], [ -7019365.539717338047922, -664286.271100960089825 ], [ -7019279.299907262437046, -664201.566635133349337 ], [ -7019223.907328641973436, -664147.291620504227467 ], [ -7018594.521840468980372, -663541.291423546615988 ], [ -7018583.337571227923036, -663530.709459034260362 ], [ -7018212.653542942367494, -663183.538698960095644 ], [ -7018114.204811674542725, -663092.268914695712738 ], [ -7016971.029860290698707, -662064.674780560890213 ], [ -7016960.076022394001484, -662055.128743002656847 ], [ -7016732.13569825142622, -661856.557827823213302 ], [ -7016477.858903519809246, -661636.544597942498513 ], [ -7016471.328902191482484, -661630.932792408275418 ], [ -7015819.702873418107629, -661070.462963158148341 ], [ -7015747.049315240234137, -661008.094486537622288 ], [ -7015619.44417305663228, -660898.765605334774591 ], [ -7015127.585914190858603, -660473.76424914249219 ], [ -7014451.120736779645085, -659889.308293610345572 ], [ -7014395.961601751856506, -659841.721753984922543 ], [ -7014051.6047757351771, -659545.077710283105262 ], [ -7014012.236351591534913, -659511.199631490628235 ], [ -7013891.396751875057817, -659407.321589333470911 ], [ -7013574.43315242882818, -659130.144765231991187 ], [ -7013416.000457294285297, -658992.185575462528504 ], [ -7012812.371232713572681, -658468.786068632383831 ], [ -7012711.958394410088658, -658375.626722352579236 ], [ -7012347.258961657062173, -658037.809408216970041 ], [ -7012250.579278009012341, -657948.359632792300545 ], [ -7011580.572563845664263, -657326.363815051852725 ], [ -7011418.303593470714986, -657176.38879938586615 ], [ -7011408.825852024368942, -657167.667870458448306 ], [ -7011390.992616661824286, -657151.45361323619727 ], [ -7011210.126754387281835, -656983.078717758180574 ], [ -7010632.618020093999803, -656443.753510538954288 ], [ -7010595.271837987005711, -656408.950089991441928 ], [ -7010580.759400918148458, -656391.625827192561701 ], [ -7010205.901045533828437, -655940.274308484862559 ], [ -7010053.320076067000628, -655757.445409172330983 ], [ -7010044.765173201449215, -655747.244047610671259 ], [ -7010027.274709961377084, -655727.032499528490007 ], [ -7008852.631008353084326, -654324.881528640165925 ], [ -7008552.899693694896996, -653964.214175823493861 ], [ -7008463.862064382061362, -653857.377618578961119 ], [ -7008287.753516745753586, -653646.660926052019931 ], [ -7007863.489915426820517, -653139.415242998627946 ], [ -7007642.411149778403342, -652875.249560394557193 ], [ -7007125.019948466680944, -652255.387736420379952 ], [ -7006703.564619920216501, -651747.608943555504084 ], [ -7006615.368764525279403, -651641.646204611985013 ], [ -7006297.322300160303712, -651260.599526870762929 ], [ -7006232.608165526762605, -651183.225281199673191 ], [ -7005930.036223576404154, -650822.201402587001212 ], [ -7005698.952792298048735, -650546.498081533820368 ], [ -7005691.774117205291986, -650537.954103403026238 ], [ -7005537.335252288728952, -650289.279480610159226 ], [ -7005203.179496717639267, -649748.624859481118619 ], [ -7004903.607352663762867, -649262.467048010905273 ], [ -7004333.656580522656441, -648337.064037496689707 ], [ -7004098.342999476008117, -647950.845067898393609 ], [ -7004016.638376765884459, -647817.215192464296706 ], [ -7003798.915263893082738, -647462.373821704648435 ], [ -7003627.459523822180927, -647183.352820670115761 ], [ -7003587.203362653963268, -647118.181445831665769 ], [ -7003395.373129465617239, -646803.611953173181973 ], [ -7003317.266941612586379, -646675.572061756392941 ], [ -7003286.782645848579705, -646625.66506703698542 ], [ -7003118.047901286743581, -646349.785835682065226 ], [ -7003108.548334438353777, -646334.313959009130485 ], [ -7002850.290371838957071, -645911.353063226211816 ], [ -7002572.412070878781378, -645452.378041816875339 ], [ -7002296.525887497700751, -644996.311686241533607 ], [ -7002088.438236158341169, -644649.098625491838902 ], [ -7002050.815167965367436, -644586.425080994027667 ], [ -7001776.429321080446243, -644130.101810929947533 ], [ -7001699.588410734198987, -644002.739251539460383 ], [ -7001412.824532674625516, -643529.027260625967756 ], [ -7001149.303977607749403, -643091.788201570976526 ], [ -7001061.42621757555753, -642946.53782796964515 ], [ -7000886.403034976683557, -642658.353311708779074 ], [ -7000602.272747841663659, -642196.188422498176806 ], [ -7000486.65298512019217, -642010.388796401675791 ], [ -7000418.345343871042132, -641900.93427168042399 ], [ -7000395.835987956263125, -641864.969215563731268 ], [ -6999887.282178070396185, -641052.242378200753592 ], [ -6999554.40358239877969, -640520.498874800163321 ], [ -6999513.146144555881619, -640454.707729049841873 ], [ -6999116.254311247728765, -639822.895059562870301 ], [ -6998988.445965462364256, -639619.572087753913365 ], [ -6998904.204936532303691, -639486.02927379834 ], [ -6998860.779203174635768, -639417.429045457276516 ], [ -6998815.113643585704267, -639345.426449217600748 ], [ -6998753.894602819345891, -639249.081816984224133 ], [ -6998257.311481224372983, -638483.112483053002506 ], [ -6998248.785521425306797, -638470.220728069078177 ], [ -6998219.465933294035494, -638425.938909385702573 ], [ -6998189.205956108868122, -638380.289493182324804 ], [ -6997356.471289539709687, -637163.399994343752041 ], [ -6997348.198024982586503, -637151.684603488189168 ], [ -6996725.074595170095563, -636288.942418151535094 ], [ -6996715.818379513919353, -636276.409963256213814 ], [ -6996486.737328104674816, -635968.722463861224242 ], [ -6996421.302618220448494, -635881.534838138031773 ], [ -6996320.552111136727035, -635747.758384695509449 ], [ -6996312.07290552277118, -635736.538850453798659 ], [ -6995234.916259812191129, -634361.850855367956683 ], [ -6995206.445186845958233, -634326.79430115816649 ], [ -6994202.694543348625302, -633129.588678213185631 ], [ -6994192.23385080229491, -633117.500601844280027 ], [ -6994076.249688107520342, -632983.95076535071712 ], [ -6994065.632035074755549, -632971.768673022626899 ], [ -6993901.648682678118348, -632784.566121773445047 ], [ -6993890.91303098667413, -632772.371719945105724 ], [ -6993828.630805849097669, -632701.760803242796101 ], [ -6993817.830588852986693, -632689.539541457314044 ], [ -6993603.902032742276788, -632449.027867164113559 ], [ -6993549.558083727024496, -632388.325649262173101 ], [ -6990932.716933261603117, -629678.101101204985753 ], [ -6990817.553580448962748, -629567.488772999262437 ], [ -6989801.134859755635262, -628618.060028083971702 ], [ -6989765.59833870921284, -628585.779388963477686 ], [ -6989478.546211739070714, -628327.044777713250369 ], [ -6989466.646158173680305, -628316.40171783301048 ], [ -6988252.504853826016188, -627265.113822694402188 ], [ -6988240.30869041569531, -627254.89160696323961 ], [ -6987823.808364516124129, -626909.620750900241546 ], [ -6987713.990573650225997, -626819.581829167786054 ], [ -6987670.439739253371954, -626783.91355906042736 ], [ -6986639.346465324983001, -625962.475728700286709 ], [ -6986629.827535663731396, -625955.095330927171744 ], [ -6985798.366277717985213, -625324.215065654367208 ], [ -6985573.321870053187013, -625157.132370596169494 ], [ -6985156.823827462270856, -624847.384423429495655 ], [ -6984973.24655925296247, -624711.508802351425402 ], [ -6984810.647078515961766, -624591.733833467471413 ], [ -6984422.652091460302472, -624304.265274861711077 ], [ -6984362.984691753983498, -624259.938865860225633 ], [ -6984229.212843332439661, -624116.088805574225262 ], [ -6983667.440923497080803, -623509.632199859246612 ], [ -6983571.707631949335337, -623406.575204596738331 ], [ -6983518.083076963201165, -623349.010905489558354 ], [ -6983167.159917469136417, -622967.947331304545514 ], [ -6983118.353049602359533, -622915.025003294576891 ], [ -6982849.238180606625974, -622623.63921552838292 ], [ -6982757.641419528052211, -622524.730106603936292 ], [ -6982352.828120842576027, -622088.780100855277851 ], [ -6981840.122027164325118, -621533.450591853121296 ], [ -6981669.599813980981708, -621349.678665025276132 ], [ -6981082.405853694304824, -620720.032526796800084 ], [ -6980623.75710329785943, -620226.11590503808111 ], [ -6980215.715702421031892, -619785.131807934492826 ], [ -6980010.981821079738438, -619564.032330128713511 ], [ -6979842.712893454357982, -619383.472834308980964 ], [ -6979842.782120288349688, -619383.408205668791197 ], [ -6979400.519802118651569, -618909.679842699202709 ], [ -6979385.235797230154276, -618893.77055417385418 ], [ -6978676.089180715382099, -618132.762453008210286 ], [ -6978199.950463746674359, -617620.761551880510524 ], [ -6977760.628221392631531, -617147.869085233774967 ], [ -6977597.821874961256981, -616972.887951512471773 ], [ -6977338.987300326116383, -616592.446124886278994 ], [ -6976896.682110959663987, -615935.185711978934705 ], [ -6976819.583075296133757, -615820.957611654419452 ], [ -6976521.665401258505881, -615380.878982209716924 ], [ -6976443.712726184166968, -615267.511249169823714 ], [ -6976263.868477244861424, -614998.91391278593801 ], [ -6976205.704885154031217, -614912.242426615557633 ], [ -6976198.567079405300319, -614901.630103555624373 ], [ -6976116.752010283060372, -614781.875049560680054 ], [ -6976117.32369545288384, -614781.48833884706255 ], [ -6975668.061607705429196, -614117.331738388631493 ], [ -6975635.258392156101763, -614068.896286750677973 ], [ -6975594.284402384422719, -614010.439050045330077 ], [ -6975559.070164634846151, -613958.077506235335022 ], [ -6975525.372453534975648, -613906.12371087144129 ], [ -6975233.491765033453703, -613439.098323589772917 ], [ -6975185.554927818477154, -613362.550628451048397 ], [ -6974889.437289945781231, -612890.644739116309211 ], [ -6974820.412843069992959, -612780.960375122376718 ], [ -6974685.332763254642487, -612566.925120828440413 ], [ -6974500.97552137915045, -612271.008471299661323 ], [ -6974315.104613542556763, -611972.890020817168988 ], [ -6974266.054756116122007, -611894.382437233813107 ], [ -6974088.655578059144318, -611611.027220161515288 ], [ -6973832.937011920846999, -611199.893391382764094 ], [ -6973777.661447924561799, -611111.230296799563803 ], [ -6973771.332619260065258, -611101.102316977339797 ], [ -6973385.567742737941444, -610483.624122701352462 ], [ -6973289.650356052443385, -610330.708017582190223 ], [ -6973247.879617339931428, -610264.38137206947431 ], [ -6973037.962367475964129, -609930.779221174307168 ], [ -6972792.894150393083692, -609537.522313151392154 ], [ -6972718.021856253035367, -609420.065142699866556 ], [ -6972242.615896842442453, -608654.46908990398515 ], [ -6972022.188600319437683, -608302.75786443927791 ], [ -6971930.156108018010855, -608157.257546818815172 ], [ -6971743.443083899095654, -607857.706664456636645 ], [ -6971696.456603570841253, -607782.473186798160896 ], [ -6971487.438674881123006, -607448.459133827593178 ], [ -6971356.839939616620541, -607241.039515784825198 ], [ -6971145.864706542342901, -606903.118665501358919 ], [ -6971101.090457455255091, -606831.537968729273416 ], [ -6971014.145482367835939, -606692.799510288517922 ], [ -6970978.109239001758397, -606635.38286311167758 ], [ -6970927.095141077414155, -606554.22419771773275 ], [ -6970684.582443353720009, -606164.581248398520984 ], [ -6970483.121253812685609, -605841.146193966735154 ], [ -6970419.158565144054592, -605738.735207733348943 ], [ -6969967.929461990483105, -605018.207787888706662 ], [ -6969682.276418780907989, -604562.096093108761124 ], [ -6969373.98590496648103, -604070.498333089519292 ], [ -6969293.432114329189062, -603942.230327617027797 ], [ -6968991.894098692573607, -603456.517974640009925 ], [ -6968925.295856904238462, -603349.543703648261726 ], [ -6968898.136127540841699, -603306.040322024957277 ], [ -6968859.921017303131521, -603244.926969129126519 ], [ -6968664.176435380242765, -602932.394855587277561 ], [ -6968146.568985453806818, -602103.720701722428203 ], [ -6967998.784364432096481, -601874.467570712789893 ], [ -6967676.171133859083056, -601354.66806768393144 ], [ -6967644.820605667307973, -601304.222499037277885 ], [ -6967514.827270288951695, -601095.329416675260291 ], [ -6967417.804703061468899, -600940.053292458178475 ], [ -6967235.915706117637455, -600650.138444559182972 ], [ -6966922.177460770122707, -600147.914532160153612 ], [ -6966495.990798082202673, -599465.583313431008719 ], [ -6966142.484398737549782, -598898.443650176981464 ], [ -6965973.585307526402175, -598630.483942237799056 ], [ -6965765.410134579055011, -598295.691624871920794 ], [ -6965729.802284246310592, -598238.500976000213996 ], [ -6965674.225751797668636, -598149.501049112179317 ], [ -6965528.682196754962206, -597916.971903788042255 ], [ -6965470.052249971777201, -597823.530529585666955 ], [ -6965462.007190374657512, -597810.740091580548324 ], [ -6965432.587220998480916, -597763.975018147495575 ], [ -6965216.448252973146737, -597415.419853138853796 ], [ -6964956.599277133122087, -596997.044717685552314 ], [ -6964704.985464568249881, -596592.277082813787274 ], [ -6964640.177741779945791, -596488.307727478793822 ], [ -6964404.332929003052413, -596110.978556311456487 ], [ -6964349.915684141218662, -596024.114392774645239 ], [ -6964200.060185587033629, -595785.449907589005306 ], [ -6963943.282171528786421, -595373.056414898135699 ], [ -6963841.920630865730345, -595210.9581165186828 ], [ -6963437.296466441825032, -594566.62301359011326 ], [ -6963191.84306426346302, -594173.509644163888879 ], [ -6963069.983424083329737, -593979.333918277639896 ], [ -6962754.777833118103445, -593479.621499753557146 ], [ -6962512.249825535342097, -593095.582559009664692 ], [ -6962457.196911726146936, -593009.065850266255438 ], [ -6962192.014148958027363, -592588.142733754822984 ], [ -6962150.392963401041925, -592522.191756312968209 ], [ -6961814.431853382848203, -591990.762256245594472 ], [ -6961703.22040528152138, -591815.651229455834255 ], [ -6961696.156070391647518, -591804.578708648215979 ], [ -6961437.958055831491947, -591404.104715123772621 ], [ -6961429.147118138149381, -591390.58058414363768 ], [ -6960258.062627804465592, -589672.267116758739576 ], [ -6960227.195959399454296, -589628.941152489278466 ], [ -6960190.864057149738073, -589578.011371579370461 ], [ -6960175.192499231547117, -589556.072146660531871 ], [ -6959954.606205546297133, -589249.716593161807396 ], [ -6959936.704918229952455, -589225.051750374841504 ], [ -6959054.131820197217166, -588045.950610354542732 ], [ -6959015.861292460002005, -587996.361475804820657 ], [ -6958967.843402699567378, -587934.243068399606273 ], [ -6958942.776479764841497, -587901.867774387239479 ], [ -6958425.688455446623266, -587246.421681641368195 ], [ -6958398.813932003453374, -587190.980397875420749 ], [ -6958258.725255402736366, -586904.315791311091743 ], [ -6958170.2607650347054, -586724.744867271976545 ], [ -6957960.2835936807096, -586296.296635055914521 ], [ -6957612.361485801637173, -585585.888353712274693 ], [ -6957579.554040464572608, -585519.02625185996294 ], [ -6957501.648208023048937, -585360.551475616870448 ], [ -6957420.876224948093295, -585198.898161979508586 ], [ -6957218.160002620890737, -584783.634930294356309 ], [ -6957171.326069585047662, -584687.954524436732754 ], [ -6957018.826159561052918, -584377.240176854422316 ], [ -6956829.435102297924459, -583995.482985570910387 ], [ -6956665.557242938317358, -583668.658801831072196 ], [ -6956463.210932905785739, -583260.618531334563158 ], [ -6956441.931342533789575, -583218.059421766782179 ], [ -6956182.969980199821293, -582689.267146539408714 ], [ -6956101.442130969837308, -582523.564847079804167 ], [ -6956099.21017518080771, -582519.049550140742213 ], [ -6955739.086701984517276, -581789.021383578074165 ], [ -6954886.636527015827596, -580139.014111255062744 ], [ -6954882.967436599545181, -580132.224470377201214 ], [ -6954731.107668543234468, -579853.329581106780097 ], [ -6954699.293671267107129, -579795.341468889149837 ], [ -6954637.719471964985132, -579683.447865233290941 ], [ -6954630.389083495363593, -579670.167153198621236 ], [ -6954397.833622979000211, -579253.549596366239712 ], [ -6954382.973584153689444, -579227.224117548437789 ], [ -6953730.98414356354624, -578106.388639606419019 ], [ -6953723.190666013397276, -578093.381891089025885 ], [ -6953432.995131476782262, -577615.154638072941452 ], [ -6953424.893298937939107, -577601.970100406557322 ], [ -6953178.419017506763339, -577205.039256098447368 ], [ -6953146.233213135041296, -577153.742472385521978 ], [ -6952195.513835989870131, -575695.528767212061211 ], [ -6952172.736754975281656, -575661.888161913608201 ], [ -6951968.089611602015793, -575361.985834753490053 ], [ -6951957.519825950264931, -575346.616383124724962 ], [ -6951390.95606526453048, -574539.928858139086515 ], [ -6951296.829869823530316, -574408.679809969733469 ], [ -6951205.018544296734035, -574281.082610470592044 ], [ -6951196.494810889475048, -574269.275721270241775 ], [ -6951076.423765906132758, -574103.67077474296093 ], [ -6950910.087956374511123, -573875.241028721095063 ], [ -6950814.958172993734479, -573745.040574349928647 ], [ -6950400.012544667348266, -573179.038804436684586 ], [ -6950332.919492340646684, -573087.738425032468513 ], [ -6950282.230041119270027, -573018.923634964623488 ], [ -6950067.725594252347946, -572724.036567119765095 ], [ -6949970.330102750100195, -572590.607350245350972 ], [ -6949967.271043146960437, -572586.431025403202511 ], [ -6949670.312506508082151, -572181.320980514981784 ], [ -6949555.077418999746442, -572027.368877135100774 ], [ -6949555.129655258730054, -572027.330416997079737 ], [ -6949188.278499742969871, -571529.076047403388657 ], [ -6949106.588925659656525, -571419.250627195695415 ], [ -6948745.726959337480366, -570925.223946743644774 ], [ -6948523.053842382505536, -570622.771818011300638 ], [ -6948486.86457696184516, -570574.001434445031919 ], [ -6948286.692346584051847, -570300.431239946279675 ], [ -6948166.940854773856699, -570137.462593141710386 ], [ -6947986.639613804407418, -569893.129468137398362 ], [ -6947593.030548445880413, -569355.290632947930135 ], [ -6947534.170025952160358, -569275.422026604646817 ], [ -6947534.311923545785248, -569275.317799275740981 ], [ -6946927.444813926704228, -568449.114311813842505 ], [ -6946877.098398690111935, -568381.681522016879171 ], [ -6946571.702000816352665, -567964.643933893996291 ], [ -6946507.804760186001658, -567877.585703108343296 ], [ -6946171.638822306878865, -567420.604275236255489 ], [ -6945937.540692017413676, -567102.798914494691417 ], [ -6945566.257152947597206, -566597.722161061246879 ], [ -6944775.736867025494576, -565518.087439339840785 ], [ -6944731.938631911762059, -565458.363864329643548 ], [ -6944149.384812278673053, -564665.221922380034812 ], [ -6944130.395106558687985, -564639.60057316487655 ], [ -6943815.988363422453403, -564211.774486175971106 ], [ -6943438.81339911557734, -563705.271648389520124 ], [ -6943419.862369002774358, -563680.155265654670075 ], [ -6943284.627394829876721, -563501.756237749592401 ], [ -6943275.215331885032356, -563489.397616822621785 ], [ -6942939.150285448879004, -563053.128876302391291 ], [ -6942929.409830002114177, -563040.627150762244128 ], [ -6942574.371104295365512, -562590.291056814254262 ], [ -6942564.60059258993715, -562578.043124543619342 ], [ -6942444.413862783461809, -562427.974493508692831 ], [ -6942434.666728170588613, -562415.851781862555072 ], [ -6942315.878878192976117, -562268.683722508023493 ], [ -6942295.921519883908331, -562244.053706263191998 ], [ -6941998.294391214847565, -561880.251874538254924 ], [ -6941967.947584826499224, -561843.51146453677211 ], [ -6941748.00647793803364, -561579.089684342499822 ], [ -6941737.712764628231525, -561566.800400590407662 ], [ -6941696.757874327711761, -561517.969127194606699 ], [ -6941676.033524725586176, -561493.291062487638555 ], [ -6940948.169039310887456, -560645.969332554843277 ], [ -6940937.457877907902002, -560633.778441176749766 ], [ -6940091.712508738972247, -559695.373241979861632 ], [ -6940080.651804129593074, -559683.408192763803527 ], [ -6939907.549839965067804, -559497.105813793605193 ], [ -6939852.381013528443873, -559438.031907647731714 ], [ -6939674.146809444762766, -559248.175085940980352 ], [ -6939663.155122917145491, -559236.527566398726776 ], [ -6938725.352846277877688, -558269.217304933001287 ], [ -6938691.36811893619597, -558235.095383439911529 ], [ -6937678.278213864192367, -557246.314356003305875 ], [ -6937666.85572091396898, -557235.477407222031616 ], [ -6937259.350309052504599, -556853.165506922639906 ], [ -6937224.499516068957746, -556820.833553612348624 ], [ -6936421.296099547296762, -556091.732906981720589 ], [ -6936385.701692365109921, -556060.11985374125652 ], [ -6936196.84053361415863, -555893.233002244145609 ], [ -6936184.701143143698573, -555882.560413707862608 ], [ -6935918.297855525277555, -555650.011679978342727 ], [ -6935905.990372624248266, -555639.34468317986466 ], [ -6934751.265946921892464, -554668.649542793398723 ], [ -6934700.711313374340534, -554627.437228835187852 ], [ -6934419.981631525792181, -554400.267995581030846 ], [ -6934407.404755457304418, -554390.165604771929793 ], [ -6933846.707108851522207, -553946.343546807649545 ], [ -6933834.058988304808736, -553936.478176778997295 ], [ -6933634.346125101670623, -553781.515109546482563 ], [ -6933559.836650328710675, -553724.002177064772695 ], [ -6932642.878925986588001, -553032.869662451557815 ], [ -6932630.364388832822442, -553023.660576590802521 ], [ -6930911.562672603875399, -551813.700374057749286 ], [ -6930846.04224671330303, -551769.607015235116705 ], [ -6930369.524780292063951, -551452.870723976986483 ], [ -6930356.334533830173314, -551444.211707944166847 ], [ -6929275.091414732858539, -550754.088974357349798 ], [ -6929261.810999481938779, -550745.850332493660972 ], [ -6929096.215570263564587, -550643.567321978625841 ], [ -6929082.891740407794714, -550635.373401633230969 ], [ -6928952.505443000234663, -550555.46267662581522 ], [ -6928939.025765861384571, -550547.229626788175665 ], [ -6928464.307770125567913, -550260.885182113968767 ], [ -6928410.373476832173765, -550228.759079785435461 ], [ -6927973.222374308854342, -549971.364372997311875 ], [ -6927959.496681096032262, -549963.376172752818093 ], [ -6927773.581450705416501, -549855.70962758443784 ], [ -6927759.781173432245851, -549847.757204655674286 ], [ -6927577.3781324531883, -549743.157551344833337 ], [ -6927563.521082237362862, -549735.249849831685424 ], [ -6927231.84805625025183, -549547.648236366687343 ], [ -6927217.891931691206992, -549539.824386679101735 ], [ -6926754.991061698645353, -549283.530183788039722 ], [ -6926740.894674578681588, -549275.822608241345733 ], [ -6925968.930690749548376, -548862.469970683683641 ], [ -6925954.979018968529999, -548855.155936201917939 ], [ -6925529.644125142134726, -548634.769085661740974 ], [ -6925515.505436620675027, -548627.528840739279985 ], [ -6925397.876872772350907, -548567.488681222777814 ], [ -6925369.988000741228461, -548553.299994684406556 ], [ -6924905.406356007792056, -548319.972826008801349 ], [ -6924840.162002450786531, -548287.628758344915695 ], [ -6923289.480346338823438, -547582.310970557969995 ], [ -6923108.579596986062825, -547403.268131189979613 ], [ -6922909.804338292218745, -547207.628790298942477 ], [ -6922468.617366408929229, -546775.81789000320714 ], [ -6922287.310951603576541, -546598.672848454560153 ], [ -6922180.820327534340322, -546496.704491613432765 ], [ -6921973.182046785950661, -546291.945402331999503 ], [ -6921852.854743926785886, -546173.351673905388452 ], [ -6921650.901226325891912, -545975.435185422422364 ], [ -6921626.684784299694002, -545951.836698095547035 ], [ -6921564.856910190545022, -545891.6904337949818 ], [ -6921477.089284065179527, -545806.45715899579227 ], [ -6921401.856189515441656, -545733.549465568270534 ], [ -6921327.614994713105261, -545661.753682736423798 ], [ -6919266.681011408567429, -543777.19753573811613 ], [ -6919175.886608325876296, -543698.714996776077896 ], [ -6917945.379816774278879, -542669.09380924096331 ], [ -6917884.039437762461603, -542619.418800512910821 ], [ -6916986.592853672802448, -541909.492829385097139 ], [ -6916977.690633993595839, -541902.614857211243361 ], [ -6916532.248372982256114, -541562.430134785012342 ], [ -6916522.325353573076427, -541554.939595725038089 ], [ -6916274.131450493820012, -541368.79268116329331 ], [ -6916263.4792884234339, -541360.855013351305388 ], [ -6916179.076635099947453, -541298.098675398039632 ], [ -6916167.440408728085458, -541289.46572211489547 ], [ -6915700.31822470203042, -540947.082916017039679 ], [ -6915687.665651377290487, -540937.921233227010816 ], [ -6915276.422539510764182, -540643.301268658135086 ], [ -6915237.302644054405391, -540615.573659859364852 ], [ -6915017.641068901866674, -540460.765923451399431 ], [ -6915004.654537106864154, -540451.665725748171099 ], [ -6914733.984850601293147, -540263.324066384811886 ], [ -6914720.943772254511714, -540254.313295692205429 ], [ -6914109.095600632950664, -539838.209847859689035 ], [ -6914083.200460682623088, -539820.878006480401382 ], [ -6913230.81611730158329, -539262.859547615516931 ], [ -6912712.464700792916119, -538931.012340239598416 ], [ -6912491.106851019896567, -538790.117144324583933 ], [ -6912111.992740388959646, -538550.204897552728653 ], [ -6911810.878146973438561, -538361.148542638169602 ], [ -6911592.119937147013843, -538224.882048825500533 ], [ -6911239.604147254489362, -538001.462699319352396 ], [ -6911128.403012493625283, -537932.057211188017391 ], [ -6911128.735678653232753, -537931.529495356720872 ], [ -6910682.659793699160218, -537650.328245023731142 ], [ -6910207.364056308753788, -537350.157050595269538 ], [ -6909723.499013400636613, -537044.407002671854571 ], [ -6909270.142173244617879, -536756.432849311036989 ], [ -6909222.563107986934483, -536726.248041388811544 ], [ -6908989.205991242080927, -536578.387447012355551 ], [ -6908613.812912061810493, -536339.205144631792791 ], [ -6908514.831854595802724, -536276.302291046478786 ], [ -6908071.713489546440542, -535995.427832535002381 ], [ -6907880.378936952911317, -535874.754596657818183 ], [ -6907331.387242116034031, -535530.243131273891777 ], [ -6906976.907653001137078, -535305.775568126002327 ], [ -6906828.833209815435112, -535180.754645640496165 ], [ -6906425.192125923931599, -534839.934125467319973 ], [ -6906259.101383748464286, -534701.163594375015236 ], [ -6906018.193975096568465, -534495.880932977888733 ], [ -6905793.061834058724344, -534305.18440690706484 ], [ -6905615.211136396974325, -534155.436257878085598 ], [ -6905509.78078381717205, -534067.112943718093447 ], [ -6904924.787818501703441, -533570.913406163221225 ], [ -6904508.510740560479462, -533214.501362288487144 ], [ -6903956.362048394046724, -532748.628146437811665 ], [ -6903400.669408148154616, -532286.595719995792024 ], [ -6903129.862228321842849, -532058.728901594527997 ], [ -6903064.335519434884191, -532004.893291112268344 ], [ -6902378.894902056083083, -531427.523783743614331 ], [ -6902174.023060395382345, -531239.846546942251734 ], [ -6902110.730203892104328, -531182.211665067705326 ], [ -6901689.049326505511999, -530793.091435999493115 ], [ -6901481.050213830545545, -530602.237583935027942 ], [ -6901011.497601615265012, -530173.825159547268413 ], [ -6900515.431520426645875, -529719.246951316134073 ], [ -6900096.003395336680114, -529334.285677376319654 ], [ -6900049.13778433483094, -529291.326149355852976 ], [ -6900042.302767600864172, -529285.068799138069153 ], [ -6899545.503662900999188, -528830.385261791176163 ], [ -6899335.474105472676456, -528639.25420061731711 ], [ -6899299.525691418908536, -528606.726577176945284 ], [ -6899032.254433862864971, -528362.115392914507538 ], [ -6898962.744861763902009, -528298.573124341899529 ], [ -6898885.417137128300965, -528228.959798514493741 ], [ -6898641.959607642143965, -528004.750971160363406 ], [ -6898099.731735094450414, -527504.917665406828746 ], [ -6897978.076438127085567, -527393.815632935264148 ], [ -6897978.388972918502986, -527393.474411599221639 ], [ -6897501.268069408833981, -526956.465155490208417 ], [ -6896981.398438748903573, -526480.820676413015462 ], [ -6896906.166724412702024, -526412.368888200959191 ], [ -6896580.486496479250491, -526113.849167576991022 ], [ -6896569.826047206297517, -526104.610108696622774 ], [ -6896013.144013016484678, -525591.609231864917092 ], [ -6895974.962601743638515, -525557.818827880779281 ], [ -6895975.526989883743227, -525557.205232857726514 ], [ -6894938.466821288689971, -524603.311479944270104 ], [ -6894889.232846513390541, -524558.086517869844101 ], [ -6894668.24807256180793, -524355.368262544390745 ], [ -6894618.604449079371989, -524309.889673435362056 ], [ -6894452.411296812817454, -524157.845575088402256 ], [ -6894143.463564785197377, -523872.678602609143127 ], [ -6894015.529959784820676, -523756.347051701101009 ], [ -6894016.163592346012592, -523755.655924879596569 ], [ -6893526.245400165207684, -523306.493615946965292 ], [ -6893486.523053757846355, -523270.115098621463403 ], [ -6893175.96839112509042, -522986.010364449350163 ], [ -6893156.744410526007414, -522968.452666092140134 ], [ -6892815.840968482196331, -522653.448492139636073 ], [ -6892691.080133463256061, -522539.206347627390642 ], [ -6892251.027626383118331, -522133.780352766043507 ], [ -6891829.960962481796741, -521745.365137107495684 ], [ -6891438.81911450996995, -521384.236690940568224 ], [ -6891182.08546981215477, -521148.854104071389884 ], [ -6890967.048504741862416, -520953.074720271280967 ], [ -6890707.493308088742197, -520712.808023602585308 ], [ -6890370.582233554683626, -520403.782131201471202 ], [ -6890259.14348188880831, -520302.50103300443152 ], [ -6890020.723622877150774, -520081.46589861693792 ], [ -6889936.706947159022093, -520003.754026096081361 ], [ -6889781.859309079125524, -519860.854995782952756 ], [ -6889330.590447073802352, -519444.986617987626232 ], [ -6888905.014651051722467, -519052.192856511101127 ], [ -6888792.344841017387807, -518950.043723800044972 ], [ -6888550.710649348795414, -518726.032892033457756 ], [ -6888329.734997142106295, -518522.405159836169332 ], [ -6888054.881608398631215, -518270.652436564676464 ], [ -6887973.902781310491264, -518196.642860227322672 ], [ -6887906.093530940823257, -518134.805841265013441 ], [ -6887636.854650340974331, -517886.29996032663621 ], [ -6887496.828347132541239, -517759.13455658958992 ], [ -6887497.581067704595625, -517758.312966678175144 ], [ -6886707.580037394538522, -517034.533354710787535 ], [ -6886410.196590659208596, -516764.267972780857235 ], [ -6886386.793894104659557, -516743.170434901025146 ], [ -6886343.007135659456253, -516703.743401949061081 ], [ -6886285.043076805770397, -516651.612474413472228 ], [ -6885908.191174722276628, -516316.108480666123796 ], [ -6885896.597249758429825, -516305.891028794401791 ], [ -6885717.553249005228281, -516148.859752717020456 ], [ -6885705.920362215489149, -516138.70599371480057 ], [ -6885692.764950972981751, -516127.224181415862404 ], [ -6885081.774881928227842, -515602.57374103483744 ], [ -6885069.973902706988156, -515592.604354774579406 ], [ -6884509.846027665771544, -515126.364956742327195 ], [ -6884486.008071905001998, -515106.815041137917433 ], [ -6884217.200018273666501, -514887.915161685377825 ], [ -6884136.984306407161057, -514823.053861911117565 ], [ -6882891.613544723019004, -513848.230480510392226 ], [ -6882703.281361266970634, -513705.557383549341466 ], [ -6882007.391497913748026, -513176.597120850696228 ], [ -6881948.663481104187667, -513132.025019058142789 ], [ -6881375.430442437529564, -512697.63087811996229 ], [ -6881329.659787074662745, -512662.987367392517626 ], [ -6881090.48017705976963, -512482.169738029886503 ], [ -6880576.890454074367881, -512093.213781764148735 ], [ -6880353.481387433595955, -511925.00084541819524 ], [ -6880330.377436231821775, -511907.706055661314167 ], [ -6879758.710592415183783, -511473.879797165980563 ], [ -6879390.156907021999359, -511191.94274097669404 ], [ -6879311.050791976973414, -511131.552666201663669 ], [ -6879041.986078144982457, -510926.57059445529012 ], [ -6878775.269413300789893, -510720.506146703264676 ], [ -6878716.390471180900931, -510676.762118036334869 ], [ -6878717.057959963567555, -510675.895770033355802 ], [ -6878263.865180997177958, -510326.72765833849553 ], [ -6878074.40370280854404, -510181.474150770227425 ], [ -6878071.137588946148753, -510178.982493032817729 ], [ -6878017.493801929987967, -510138.115842202096246 ], [ -6877318.525398407131433, -509606.375649369321764 ], [ -6877268.740918600000441, -509568.551225850940682 ], [ -6877202.978508822619915, -509518.652177111594938 ], [ -6876897.65226398780942, -509283.696011654217727 ], [ -6876813.141898056492209, -509218.711019875307102 ], [ -6876683.603672314435244, -509119.240169299067929 ], [ -6876018.30982653517276, -508609.080298006767407 ], [ -6875955.898992337286472, -508561.301427676109597 ], [ -6875846.136861218139529, -508477.409330391441472 ], [ -6875631.272132561542094, -508314.103193194547202 ], [ -6875561.273323560133576, -508261.198617596935946 ], [ -6875362.106463259086013, -508111.448117695748806 ], [ -6875321.609545703046024, -508081.156773509690538 ], [ -6875020.099949576891959, -507857.390745819080621 ], [ -6875012.226321992464364, -507851.59303467348218 ], [ -6873813.695724049583077, -507008.662464418099262 ], [ -6873188.004774010740221, -506336.472732698486652 ], [ -6873165.664065405726433, -506313.423704192915466 ], [ -6872989.95580795686692, -506133.055578558356501 ], [ -6872966.997276173904538, -506109.606598386890255 ], [ -6872645.063627783209085, -505783.794492447108496 ], [ -6872567.893617178313434, -505706.40698845096631 ], [ -6871377.701995767652988, -504551.801995762158185 ], [ -6871369.800538313575089, -504544.387126560788602 ], [ -6871137.766348404809833, -504328.022409265569877 ], [ -6871042.71286160312593, -504239.950085336866323 ], [ -6870884.589926014654338, -504094.071389892604202 ], [ -6870655.528923003934324, -503883.658128284383565 ], [ -6870601.722913556732237, -503834.30482485255925 ], [ -6870178.127760799601674, -503446.333311933733057 ], [ -6870163.594693321734667, -503433.318126589176245 ], [ -6869555.527925743721426, -502874.971539924386889 ], [ -6869508.653185628354549, -502831.975083825003821 ], [ -6869345.244238253682852, -502682.815634143422358 ], [ -6869150.059562128037214, -502505.441408228885848 ], [ -6868613.517639954574406, -502014.124040312424768 ], [ -6868474.728672848083079, -501887.51199493301101 ], [ -6868185.792856173589826, -501624.919372247066349 ], [ -6867312.737716048955917, -500829.524220784311183 ], [ -6867224.562021343037486, -500749.383988692250568 ], [ -6867088.890685718506575, -500626.371272147749551 ], [ -6866897.386673071421683, -500452.068607959721703 ], [ -6866870.841857552528381, -500389.775330340722576 ], [ -6866866.893355214037001, -500380.568740712769795 ], [ -6866360.2452029325068, -499238.819651081925258 ], [ -6866317.623196296393871, -499145.91725871223025 ], [ -6866177.225882685743272, -498842.575228418281768 ], [ -6866173.118193475529552, -498833.777434862044174 ], [ -6864855.361991330049932, -496214.62242687708931 ], [ -6864774.29913813713938, -496064.62561559927417 ], [ -6863848.678836638107896, -494426.351470355235506 ], [ -6863801.707577494904399, -494346.751572404406033 ], [ -6863626.030606498010457, -494051.364558919216506 ], [ -6863624.680301078595221, -494049.111785480985418 ], [ -6862698.540929648093879, -492563.599919650005177 ], [ -6862285.680315386503935, -491926.498751828912646 ], [ -6862248.847981025464833, -491869.745526501035783 ], [ -6862112.747414884157479, -491660.344898401934188 ], [ -6861684.368065212853253, -490997.382787675713189 ], [ -6861515.252216318622231, -490735.792407497472595 ], [ -6861365.165883779525757, -490505.03512145858258 ], [ -6861351.71475562825799, -490484.478083592781331 ], [ -6861144.297903428785503, -490160.764479733305052 ], [ -6860931.535342580638826, -489831.555831701611169 ], [ -6860769.143582610413432, -489582.433695903222542 ], [ -6860724.151945508085191, -489513.589802672155201 ], [ -6860240.432012101635337, -488764.502907635935117 ], [ -6860128.915776391513646, -488592.583365837810561 ], [ -6860121.376107284799218, -488581.011805446294602 ], [ -6859852.339384388178587, -488172.488769115007017 ], [ -6859847.86211446672678, -488165.762053526879754 ], [ -6859711.957648377865553, -487962.655065145983826 ], [ -6859603.522445591166615, -487801.454182542453054 ], [ -6859117.459992479532957, -487092.116522054944653 ], [ -6859060.828427930362523, -487010.976214502705261 ], [ -6858570.936832496896386, -486321.569210713554639 ], [ -6858568.494482868351042, -486318.193019850703422 ], [ -6857646.398718666285276, -485084.024590948247351 ], [ -6857642.522573998197913, -485078.999952547252178 ], [ -6857568.141303057782352, -484982.717491770396009 ], [ -6856845.7484484128654, -484070.053534880920779 ], [ -6856840.308264897204936, -484063.34248225518968 ], [ -6856311.970293751917779, -483422.534397622628603 ], [ -6856265.530028583481908, -483367.151761884568259 ], [ -6855959.083589233458042, -483005.197618362028152 ], [ -6855952.988847112283111, -482998.067758780787699 ], [ -6854903.997995376586914, -481809.591505485994276 ], [ -6854864.171221155673265, -481765.885390953451861 ], [ -6854537.493732264265418, -481410.843720982666127 ], [ -6854529.563331738114357, -481402.307774663844611 ], [ -6854219.3644675957039, -481071.444939060136676 ], [ -6854212.542809199541807, -481064.234672944643535 ], [ -6854139.224012849852443, -480986.904373222147115 ], [ -6854052.030795296654105, -480895.136595102318097 ], [ -6853593.710870877839625, -480419.110421485675033 ], [ -6853402.682171894237399, -480223.307948251254857 ], [ -6853296.817275172099471, -480114.928028958151117 ], [ -6852947.148645365610719, -479754.681125294417143 ], [ -6852644.389461327344179, -479440.647842892387416 ], [ -6852449.410973845049739, -479240.512073792284355 ], [ -6852449.831301715224981, -479240.102579258673359 ], [ -6852139.742922335863113, -478921.810691560560372 ], [ -6851491.780425935983658, -478253.705932990764268 ], [ -6851439.07598880585283, -478199.445338360790629 ], [ -6850616.766872379928827, -477354.136952506436501 ], [ -6850057.289148591458797, -476778.654762253921945 ], [ -6849911.901236150413752, -476629.729281709529459 ], [ -6849851.815242749638855, -476568.437004525330849 ], [ -6849394.40586459543556, -476091.930851435230579 ], [ -6849039.17921875230968, -475729.30124431027798 ], [ -6849040.980854512192309, -475727.536631826893426 ], [ -6848375.423882959410548, -475048.015631422284059 ], [ -6848343.123477801680565, -475015.877990645531099 ], [ -6848343.232033371925354, -475015.771540750516579 ], [ -6847569.524178676307201, -474226.759046887396835 ], [ -6847292.122305610217154, -473938.646535137551837 ], [ -6847063.650749433785677, -473702.907397995120846 ], [ -6847020.867329538799822, -473659.052060879766941 ], [ -6846934.982245407067239, -473571.231245597125962 ], [ -6846878.445302419364452, -473513.561921424407046 ], [ -6846217.145686387084424, -472839.782267241971567 ], [ -6846145.692947464995086, -472767.536061311606318 ], [ -6845288.637293950654566, -471882.86887622566428 ], [ -6845102.865723049268126, -471692.131193661014549 ], [ -6844940.923693818040192, -471526.743380767817143 ], [ -6840321.855316904373467, -467362.242804619541857 ], [ -6840315.600274715572596, -467357.272342331940308 ], [ -6839437.959657124243677, -466682.247539106698241 ], [ -6839439.458986250683665, -466680.291678122710437 ], [ -6838881.250693245790899, -466252.378876996401232 ], [ -6838423.897537930868566, -465901.556736288359389 ], [ -6838304.366262977942824, -465810.153179395711049 ], [ -6838104.610162803903222, -465657.878842037112918 ], [ -6837735.802622571587563, -465374.260718919860665 ], [ -6837592.012597252614796, -465266.23950957308989 ], [ -6837207.538180307485163, -464970.374169513874222 ], [ -6837053.563116258010268, -464852.360333134653047 ], [ -6836763.944192237220705, -464631.273163794830907 ], [ -6836061.481239860877395, -464091.867925687110983 ], [ -6835693.370688181370497, -463809.527962496038526 ], [ -6835647.975833884440362, -463774.752688895852771 ], [ -6835208.01226320117712, -463438.112368264235556 ], [ -6834663.697569316253066, -463021.668975014996249 ], [ -6834397.869087452068925, -462818.370167847897392 ], [ -6833898.571736990474164, -462435.900172128342092 ], [ -6833786.262086565606296, -462350.120706688205246 ], [ -6833727.04103805590421, -462305.021435676550027 ], [ -6833300.39940376766026, -461978.624286647129338 ], [ -6833288.197316878475249, -461969.407120103773195 ], [ -6832891.412745397537947, -461665.216148096369579 ], [ -6832822.8610355919227, -461612.755549316469114 ], [ -6832623.328681854531169, -461460.332262447394896 ], [ -6832284.867824774235487, -461200.204958514077589 ], [ -6832229.635100962594151, -461157.816461445589084 ], [ -6831562.399431486614048, -460646.482490484544542 ], [ -6831270.249327452853322, -460422.960256770136766 ], [ -6831205.289734548889101, -460373.349103669519536 ], [ -6831143.813606239855289, -460326.477861909894273 ], [ -6830810.493867947719991, -460071.479240471962839 ], [ -6830558.663661945611238, -459875.838387583207805 ], [ -6830421.033495293930173, -459773.382084810175002 ], [ -6830422.861177851445973, -459771.013367393694352 ], [ -6829091.36763527803123, -458743.644080604717601 ], [ -6828670.633696815930307, -458425.001971800869796 ], [ -6827902.615251468494534, -457832.259504501707852 ], [ -6827829.334825244732201, -457775.811107508896384 ], [ -6827697.185231334529817, -457674.210036114556715 ], [ -6827511.121279672719538, -457531.850113865279127 ], [ -6827508.459630650468171, -457529.823520301375538 ], [ -6826796.528489447198808, -456987.000306176370941 ], [ -6826615.552656483836472, -456847.132083468721248 ], [ -6826385.766753390431404, -456670.601896184729412 ], [ -6825688.41693526878953, -456138.077641679265071 ], [ -6825638.302496590651572, -456100.656927155738231 ], [ -6825267.886800775304437, -455816.174814792524558 ], [ -6825210.540314927697182, -455772.198121888679452 ], [ -6824852.732754841446877, -455498.220437243697233 ], [ -6824462.199761972762644, -455199.672811769531108 ], [ -6823953.98886707983911, -454816.587554755154997 ], [ -6823479.160809581167996, -454449.527565536263864 ], [ -6823477.417158171534538, -454448.197196327906568 ], [ -6823452.119197231717408, -454428.878873800800648 ], [ -6823256.287217079661787, -454255.775723270664457 ], [ -6822831.795264924876392, -453877.59393830463523 ], [ -6822749.437383000738919, -453804.383556702523492 ], [ -6822725.588295293971896, -453783.230390727927443 ], [ -6822539.355084194801748, -453618.052301840099972 ], [ -6822484.975390533916652, -453569.891189986083191 ], [ -6822450.991121897473931, -453539.837208552286029 ], [ -6821886.37507903482765, -453036.2452292603557 ], [ -6821164.842749312520027, -452391.921710571390577 ], [ -6820705.863424423150718, -451982.03769856353756 ], [ -6820643.212276251986623, -451926.182563580980059 ], [ -6820211.754627856425941, -451542.176292204356287 ], [ -6820164.9576206067577, -451500.57846532255644 ], [ -6819826.272155191749334, -451199.900599032873288 ], [ -6819449.939097755588591, -450862.932048382528592 ], [ -6819373.200528859160841, -450794.362504229240585 ], [ -6818887.857760232873261, -450361.583198002481367 ], [ -6818477.741024811752141, -449995.593700465164147 ], [ -6818455.226398859173059, -449975.64527387713315 ], [ -6817841.950843442231417, -449428.527167474618182 ], [ -6817298.625960199162364, -448944.205090123170521 ], [ -6816899.770945094525814, -448588.075591337983496 ], [ -6816668.488016549497843, -448382.849537428817712 ], [ -6816624.443198412656784, -448344.009668194339611 ], [ -6816360.763979911804199, -448107.64885169401532 ], [ -6816308.98564709443599, -448061.299850927200168 ], [ -6816182.630232681520283, -447948.351782056852244 ], [ -6816079.621666734106839, -447856.374285930534825 ], [ -6816002.038145645521581, -447787.253334161068778 ], [ -6815990.30841089785099, -447776.824884636909701 ], [ -6815596.514517551288009, -447427.351837777765468 ], [ -6815435.529833282344043, -447284.159072499372996 ], [ -6815216.911254491657019, -446764.381313825258985 ], [ -6815145.895821830257773, -446596.396127226238605 ], [ -6814974.18996006064117, -446192.286851943121292 ], [ -6814844.194257612340152, -445889.124646043113898 ], [ -6814790.311171289533377, -445764.599882736802101 ], [ -6814620.557313275523484, -445376.808118110289797 ], [ -6814615.365372225642204, -445365.082831323961727 ], [ -6814268.662899713031948, -444599.546199369244277 ], [ -6814263.242753703147173, -444587.841005071299151 ], [ -6813938.055027647875249, -443899.371722223295365 ], [ -6813932.484600326046348, -443887.807165918988176 ], [ -6813481.263135936111212, -442974.937669079052284 ], [ -6813285.06921258289367, -442587.986330413492396 ], [ -6813248.701286936178803, -442516.400795823719818 ], [ -6813227.1754370033741, -442474.114075487945229 ], [ -6813144.849444339051843, -442312.659081237274222 ], [ -6813049.755040600895882, -442127.156127423630096 ], [ -6813042.391256283037364, -442112.864879906061105 ], [ -6812978.195730859413743, -441988.704098507412709 ], [ -6812970.909870190545917, -441974.660639650886878 ], [ -6812068.203157383017242, -440312.393198558420409 ], [ -6812060.431943729519844, -440298.706911379529629 ], [ -6811804.015432952903211, -439852.482703006127849 ], [ -6811796.2353137396276, -439839.103360398788936 ], [ -6811000.753884895704687, -438518.412991609831806 ], [ -6810992.53182730730623, -438505.226745710126124 ], [ -6810461.800196555443108, -437672.487936539342627 ], [ -6810453.283142316155136, -437659.411075710027944 ], [ -6809803.421608941629529, -436686.705557379464153 ], [ -6809794.546105943620205, -436673.751475415017921 ], [ -6809366.534325192682445, -436058.98238612600835 ], [ -6809357.392768607474864, -436046.059558383363765 ], [ -6809308.558808793313801, -435977.149664652126376 ], [ -6809262.141920717433095, -435911.767641378275584 ], [ -6809064.959466102533042, -435636.00515080394689 ], [ -6809055.561874689534307, -435622.956209358409978 ], [ -6808980.89027177542448, -435519.550005740195047 ], [ -6808971.41698310431093, -435506.466465501813218 ], [ -6808602.173429219983518, -435003.149245548294857 ], [ -6808592.498652276583016, -434990.132676409557462 ], [ -6808139.13854316342622, -434389.665886955161113 ], [ -6808129.258938358165324, -434376.783258003881201 ], [ -6807669.984695051796734, -433787.08759653987363 ], [ -6807659.92809225525707, -433774.372392277815379 ], [ -6806726.30214776750654, -432629.124064142350107 ], [ -6806715.881530230864882, -432616.720268074946944 ], [ -6805956.853383874520659, -431734.30103448824957 ], [ -6805946.162259977310896, -431722.160651974263601 ], [ -6805155.738839727826416, -430845.667375252291095 ], [ -6805144.821737267076969, -430833.845097605488263 ], [ -6804504.483275193721056, -430153.28490967489779 ], [ -6804493.391401128843427, -430141.714883821783587 ], [ -6803932.39981478266418, -429565.879031026910525 ], [ -6803920.98288781195879, -429554.346955846587662 ], [ -6803474.318278103135526, -429108.834295598207973 ], [ -6803462.742164253257215, -429097.432811612496153 ], [ -6802555.848701072856784, -428226.412726049136836 ], [ -6802544.062193389981985, -428215.373992595064919 ], [ -6801740.322562254965305, -427478.908041016722564 ], [ -6801728.40581076592207, -427468.225361060001887 ], [ -6801173.166917009279132, -426977.855406935850624 ], [ -6801161.204524522647262, -426967.447301339940168 ], [ -6800742.470929674804211, -426607.164952397812158 ], [ -6800730.406123265624046, -426596.899715305131394 ], [ -6799275.436526108533144, -425405.386873189883772 ], [ -6799262.968743140809238, -425395.562516717240214 ], [ -6798600.684538601897657, -424882.630138921609614 ], [ -6798587.982984700240195, -424872.962044586893171 ], [ -6798513.583622825331986, -424816.44088638946414 ], [ -6798500.875389755703509, -424806.80516146926675 ], [ -6798455.50651197321713, -424772.442697597201914 ], [ -6798322.906552725471556, -424672.418663657212164 ], [ -6798075.280798236839473, -424486.271821500500664 ], [ -6797990.192760623060167, -424422.37473876925651 ], [ -6797915.726539885625243, -424366.542994890129194 ], [ -6797822.768287354148924, -424297.047196094703395 ], [ -6797651.732963602989912, -424169.489995380339678 ], [ -6796780.119107907637954, -423515.490483665314969 ], [ -6796347.132187347859144, -423190.458212590194307 ], [ -6796286.844626006670296, -423145.272850130160805 ], [ -6795895.840480566956103, -422852.676123096083757 ], [ -6795566.316696092486382, -422606.423584632168058 ], [ -6794874.162901589646935, -422085.703257755900268 ], [ -6794602.868694092147052, -421883.503184609231539 ], [ -6794233.460544483736157, -421606.826001982553862 ], [ -6794191.924473850987852, -421575.750176010536961 ], [ -6793987.858738889917731, -421423.24042406323133 ], [ -6793676.970501309260726, -421188.38603150594281 ], [ -6793624.447079295292497, -421148.749307556543499 ], [ -6793345.630242925137281, -420939.934492349158973 ], [ -6793286.882653665728867, -420896.2551478195237 ], [ -6792845.344191416166723, -420563.620297043700702 ], [ -6792550.875460379756987, -420343.473474609025288 ], [ -6792358.583495353348553, -420200.813816300360486 ], [ -6791913.458121645264328, -419866.782958117313683 ], [ -6791508.549689318984747, -419563.516283468576148 ], [ -6791427.986484404653311, -419503.30861464201007 ], [ -6791379.367508035153151, -419467.050124248780776 ], [ -6791133.409141661599278, -419280.972593722108286 ], [ -6791036.018233264796436, -419207.479065857362002 ], [ -6791023.646185057237744, -419198.166489231516607 ], [ -6790837.222058752551675, -419058.522066012083087 ], [ -6790500.620353043079376, -418807.60619064909406 ], [ -6789731.564083758741617, -418234.08115529071074 ], [ -6789620.689642601646483, -418151.423938728286885 ], [ -6789248.92607110273093, -417872.2871859066654 ], [ -6789185.10065692383796, -417824.745086248207372 ], [ -6789185.186000119894743, -417824.631121280021034 ], [ -6788485.813506847247481, -417300.902778387651779 ], [ -6788276.889978795312345, -417145.297233592835255 ], [ -6787981.686051124706864, -416926.623632056929637 ], [ -6787338.58503052406013, -416448.37497747578891 ], [ -6786962.570386794395745, -416166.834956775535829 ], [ -6786860.347913996316493, -416090.305382229213137 ], [ -6786446.265210576355457, -415780.510604578652419 ], [ -6786379.373387680388987, -415730.553285239380784 ], [ -6786236.19399281218648, -415623.807644884334877 ], [ -6785827.585373332723975, -415317.69373935245676 ], [ -6785708.609543167985976, -415231.46619159221882 ], [ -6785709.649232752621174, -415230.070600004633889 ], [ -6785165.501766111701727, -414824.690932507102843 ], [ -6784739.672523375600576, -414506.628643090254627 ], [ -6784362.349551407620311, -414225.140259915729985 ], [ -6784276.601361953653395, -414161.316010550828651 ], [ -6783958.52649462595582, -413925.093891951488331 ], [ -6783468.184795338660479, -413558.278131807455793 ], [ -6783048.873586440458894, -413244.9875877359882 ], [ -6782971.903530400246382, -413187.596227726724464 ], [ -6782586.194853137247264, -412900.575178770057391 ], [ -6782569.629897787235677, -412888.463822651479859 ], [ -6781700.916384804993868, -412239.737640475272201 ], [ -6780720.081580514088273, -411506.285682097659446 ], [ -6780294.19319124892354, -411191.376068320183549 ], [ -6780085.294696623459458, -411034.257078958966304 ], [ -6779913.804969150573015, -410905.848680474271532 ], [ -6779610.390338649973273, -410679.670163146569394 ], [ -6779485.971754897385836, -410587.222792485612445 ], [ -6779265.58506784029305, -410423.997359775938094 ], [ -6778862.253751432523131, -410120.94967713567894 ], [ -6778606.635132909752429, -409930.160250869637821 ], [ -6778599.100272798910737, -409924.573692543606739 ], [ -6778119.042187944985926, -409567.52209827513434 ], [ -6777615.222138253040612, -409190.652349056268577 ], [ -6777584.453452322632074, -409167.652097053476609 ], [ -6777501.531622405163944, -409105.817693492455874 ], [ -6777090.132633059285581, -408799.701140470511746 ], [ -6776607.128484909422696, -408440.366802852251567 ], [ -6776245.020033961161971, -408169.880166626709979 ], [ -6775866.839296530932188, -407887.756663306267001 ], [ -6775361.821424582973123, -407510.06153400457697 ], [ -6774553.53833107277751, -406906.428010435367469 ], [ -6773961.904836734756827, -406465.019015932746697 ], [ -6773939.492148684337735, -406448.319565207406413 ], [ -6773437.119855015538633, -406073.401845936721656 ], [ -6773422.209133555181324, -406062.275455158494879 ], [ -6773353.225884161889553, -406010.973201695771422 ], [ -6773353.249308210797608, -406010.941717368434183 ], [ -6772584.54035690613091, -405439.029361121356487 ], [ -6772540.863339807838202, -405406.570972878718749 ], [ -6772527.910083146765828, -405396.955752836191095 ], [ -6771382.299005823209882, -404540.983710560540203 ], [ -6771335.577825245447457, -404506.114121988706756 ], [ -6770809.927199579775333, -404114.570536406594329 ], [ -6770322.686904869042337, -403749.322592151351273 ], [ -6770156.291173186153173, -403625.126846874773037 ], [ -6769966.61723240558058, -403484.168811205250677 ], [ -6769871.933935654349625, -403414.106016644393094 ], [ -6768948.134198826737702, -402724.462015003198758 ], [ -6768714.937588608823717, -402550.57447060442064 ], [ -6768473.867009566165507, -402370.96669412375195 ], [ -6768445.985370824113488, -402350.325433958088979 ], [ -6768090.44879596773535, -402084.493997498473618 ], [ -6768000.41446257289499, -402017.333686083438806 ], [ -6767821.139352349564433, -401883.918163976806682 ], [ -6767329.793495739810169, -401515.975270582770463 ], [ -6767198.042367054149508, -401417.651464299298823 ], [ -6766547.928728612139821, -400934.143782592494972 ], [ -6765654.204835508950055, -400267.930414738715626 ], [ -6765226.57378604542464, -399948.649429241020698 ], [ -6764750.858468284830451, -399593.608353386633098 ], [ -6764713.263878960162401, -399565.609147067938466 ], [ -6764709.993861190974712, -399562.299583169224206 ], [ -6764442.300571390427649, -399293.41714411060093 ], [ -6764431.090698671527207, -399282.242594125389587 ], [ -6764125.915527317672968, -398980.628550913243089 ], [ -6764114.776899066753685, -398969.713979266409297 ], [ -6763342.392856409773231, -398228.90266752889147 ], [ -6763331.013778056949377, -398218.220179607626051 ], [ -6762798.585315245203674, -397725.602031061484013 ], [ -6762787.078219485469162, -397715.109227098699193 ], [ -6762619.773658542893827, -397563.242638458381407 ], [ -6762585.829006218351424, -397532.569827148632612 ], [ -6762533.138138973154128, -397485.025587002106477 ], [ -6762434.873084864579141, -397396.48509780166205 ], [ -6762243.941311719827354, -397227.382538456993643 ], [ -6761983.764181620441377, -396988.084023569361307 ], [ -6761744.781454527750611, -396769.703021307068411 ], [ -6761733.274358767084777, -396759.256062628061045 ], [ -6761110.170796039514244, -396202.981806869152933 ], [ -6761098.490041868761182, -396192.727877601515502 ], [ -6760108.051593450829387, -395345.869438779016491 ], [ -6760095.965636334381998, -395335.805191559600644 ], [ -6758679.7505466286093, -394199.396754921530373 ], [ -6758667.289442826993763, -394189.76431178022176 ], [ -6757799.497477020137012, -393533.915314842015505 ], [ -6757786.823752995580435, -393524.551773235492874 ], [ -6757365.830323192290962, -393218.682414280658122 ], [ -6755873.486553945578635, -391674.766116110084113 ], [ -6755842.821799568831921, -391583.197969532979187 ], [ -6755716.383457070216537, -391254.387768707878422 ], [ -6755729.032685773447156, -391250.055258985899854 ], [ -6755438.114089795388281, -390400.687088856007904 ], [ -6755229.139864061959088, -389782.939968742022756 ], [ -6755193.447089935652912, -389677.813468422857113 ], [ -6755128.575656672939658, -389487.44111574080307 ], [ -6755082.151278256438673, -389351.840562369266991 ], [ -6755077.126316441223025, -389337.23155804479029 ], [ -6755047.559999939985573, -389251.526507340196986 ], [ -6755042.513887424953282, -389236.942044967669062 ], [ -6755004.003577377647161, -389126.059490501298569 ], [ -6754978.653902934864163, -389053.345798719441518 ], [ -6754912.306672133505344, -388864.253499231883325 ], [ -6754896.862205979414284, -388820.516888157115318 ], [ -6754880.103586053475738, -388773.127501806127839 ], [ -6754626.521662243641913, -388073.218978325254284 ], [ -6754621.14381764922291, -388058.713733660348225 ], [ -6754292.044167442247272, -387195.603970954602119 ], [ -6754286.386910918168724, -387181.169001398375258 ], [ -6754076.48108717892319, -386654.388931700319517 ], [ -6754070.69692643545568, -386640.109010997111909 ], [ -6753839.201039836741984, -386078.423554277571384 ], [ -6753833.226522766984999, -386064.173752597765997 ], [ -6753665.760657928884029, -385669.505186491238419 ], [ -6753659.669255394488573, -385655.318967147148214 ], [ -6753371.923813753761351, -384998.232451807009056 ], [ -6753365.609772232361138, -384984.090852221474051 ], [ -6753066.714768564328551, -384327.421948404982686 ], [ -6753060.164729724638164, -384313.302659684442915 ], [ -6752656.301372486166656, -383463.759151917009149 ], [ -6752649.513109938241541, -383449.819451611139812 ], [ -6751980.009035448543727, -382125.300588825833984 ], [ -6751972.856758167035878, -382111.657598425634205 ], [ -6751591.989233846776187, -381399.20787822076818 ], [ -6751584.87146560382098, -381386.148266546428204 ], [ -6751287.728443100117147, -380848.83104538009502 ], [ -6751280.518279680982232, -380835.980023284384515 ], [ -6751112.282471659593284, -380538.512089077674318 ], [ -6751104.957649164833128, -380525.663299512991216 ], [ -6750938.148628684692085, -380235.320317460573278 ], [ -6750923.126063406467438, -380209.373999510717113 ], [ -6750511.845271432772279, -379512.106700315547641 ], [ -6750503.966077875345945, -379498.992440360656474 ], [ -6750004.081437787972391, -378684.703164161532186 ], [ -6749995.778116970323026, -378671.462860910745803 ], [ -6749459.807868245989084, -377835.37994414154673 ], [ -6749451.275229271501303, -377822.356038456899114 ], [ -6749384.721540431492031, -377720.933704440481961 ], [ -6749234.857928660698235, -377493.0524688414298 ], [ -6749201.500637462362647, -377442.405001619597897 ], [ -6749058.415016775950789, -377225.439976102730725 ], [ -6748768.900980251841247, -376786.952651125029661 ], [ -6748724.085676929913461, -376719.19892917497782 ], [ -6748715.578641439788043, -376706.360301603621338 ], [ -6748338.463678126223385, -376145.496540775056928 ], [ -6748329.751814782619476, -376132.727071642933879 ], [ -6748152.867567056789994, -375875.189897968783043 ], [ -6748144.082232842221856, -375862.484010078245774 ], [ -6747916.013479236513376, -375535.432360091537703 ], [ -6747907.124617893248796, -375522.793399729940575 ], [ -6747643.001839023083448, -375150.857929412566591 ], [ -6747633.988299854099751, -375138.287011968088336 ], [ -6747073.066152960062027, -374371.475791628414299 ], [ -6747063.803258130326867, -374359.062151630583685 ], [ -6746378.953256638720632, -373462.544688275142107 ], [ -6746369.389799183234572, -373450.313980573962908 ], [ -6745938.584780366159976, -372907.159801225701813 ], [ -6745928.859909656457603, -372895.071870229206979 ], [ -6745652.083011006005108, -372554.11720776068978 ], [ -6745642.262405527755618, -372542.127436169132125 ], [ -6745244.634755582548678, -372062.793303941842169 ], [ -6745234.689472275786102, -372050.955232413369231 ], [ -6744122.308409817516804, -370771.549744009156711 ], [ -6744111.990206211805344, -370760.080881541594863 ], [ -6743381.058084351941943, -369965.075002505676821 ], [ -6743370.484959120862186, -369953.821419506741222 ], [ -6743124.257235145196319, -369693.621346410829574 ], [ -6743113.571677220053971, -369682.410151040181518 ], [ -6742505.701720450073481, -369055.686937653576024 ], [ -6742494.802429110743105, -369044.644173559092451 ], [ -6742036.487761657685041, -368586.277569880476221 ], [ -6742025.467132065445185, -368575.397659850306809 ], [ -6741221.115647154860198, -367798.881324718182441 ], [ -6741209.804473693482578, -367788.203308769094292 ], [ -6740908.158133615739644, -367505.790137453237548 ], [ -6740873.568941436707973, -367473.673554566921666 ], [ -6740822.009766991250217, -367425.867551739444025 ], [ -6740799.000028245151043, -367404.562839807826094 ], [ -6740409.664761402644217, -367047.877049600123428 ], [ -6740306.35582116432488, -366954.230066624761093 ], [ -6740264.386111126281321, -366916.228834492794704 ], [ -6740253.139502973295748, -366906.057239872985519 ], [ -6739847.443797146901488, -366539.575460662948899 ], [ -6739747.016632972285151, -366449.104719293012749 ], [ -6739712.656758948229253, -366418.235341283958405 ], [ -6739362.517203709110618, -366104.217361054616049 ], [ -6739346.553689286112785, -366089.92903761472553 ], [ -6738942.546869870275259, -365727.291860226658173 ], [ -6738828.134308665059507, -365624.628076282970142 ], [ -6738163.827749514952302, -365024.643378916371148 ], [ -6738097.347944012843072, -364964.979303521045949 ], [ -6738097.357948621734977, -364964.968199921189807 ], [ -6737910.59606814570725, -364796.69128337490838 ], [ -6737893.400549949146807, -364778.169885612558573 ], [ -6737837.903085781261325, -364718.490841824852396 ], [ -6737706.89955944661051, -364577.846581721445546 ], [ -6737396.393604249693453, -364244.34096485003829 ], [ -6736959.095010034739971, -363773.021666881046258 ], [ -6736897.047340219840407, -363706.268965151510201 ], [ -6736886.64119422249496, -363695.094168659066781 ], [ -6736817.276923380792141, -363620.757988875731826 ], [ -6736764.969007855281234, -363564.814872367482167 ], [ -6736666.931351124309003, -363460.26474515843438 ], [ -6736603.705219935625792, -363393.031994162418414 ], [ -6736505.103229695931077, -363288.225925047998317 ], [ -6736127.849634633399546, -362883.725865805114154 ], [ -6735233.902418126352131, -361923.916985867777839 ], [ -6735084.773126342333853, -361764.499763716710731 ], [ -6734388.907197026535869, -361023.875725412624888 ], [ -6734230.889520865865052, -360855.913204329553992 ], [ -6733853.421376084908843, -360453.552783353603445 ], [ -6733757.783930532634258, -360351.893225827312563 ], [ -6733481.188090857118368, -360058.701710426132195 ], [ -6732875.136977588757873, -359415.151725152216386 ], [ -6732511.963080712594092, -359029.83702009357512 ], [ -6732429.138302212581038, -358942.176481893227901 ], [ -6732418.653119371272624, -358931.105892969004344 ], [ -6732403.723774003796279, -358915.470938336919062 ], [ -6732083.413411679677665, -358576.621205543575343 ], [ -6732033.538869854062796, -358523.936571710393764 ], [ -6731863.582950476557016, -358344.665472885710187 ], [ -6731792.649446303024888, -358269.998314583906904 ], [ -6731537.819094369187951, -358002.30737010500161 ], [ -6731500.166263982653618, -357962.793965653399937 ], [ -6731436.850217775441706, -357896.451017378771212 ], [ -6731153.859697333537042, -357600.222890694392845 ], [ -6731065.539220415055752, -357507.836316500382964 ], [ -6730401.566146533936262, -356813.336965607712045 ], [ -6730257.051690748892725, -356662.289787159941625 ], [ -6729925.354651431553066, -356313.320556216698606 ], [ -6729853.49869947321713, -356238.018415294936858 ], [ -6729513.407498149201274, -355880.609378319059033 ], [ -6729466.028544325381517, -355830.886263796593994 ], [ -6728123.584503443911672, -354423.958460815949365 ], [ -6728084.567874856293201, -354383.113902046810836 ], [ -6727834.4953179564327, -354121.621317083889153 ], [ -6727761.841863077133894, -354045.809537812834606 ], [ -6727657.821591299027205, -353937.495297281537205 ], [ -6727618.710410854779184, -353896.815577734669205 ], [ -6727608.241925938054919, -353885.939549381146207 ], [ -6727563.948543086647987, -353839.980551809014287 ], [ -6727207.001482664607465, -353470.083618218253832 ], [ -6727099.499474961310625, -353359.025534904561937 ], [ -6727088.878482341766357, -353348.087091642839368 ], [ -6726744.012527664192021, -352996.396249874844216 ], [ -6726722.239548462443054, -352974.410071584396064 ], [ -6725842.491987867280841, -352107.722177924937569 ], [ -6725831.597149305045605, -352097.251030716462992 ], [ -6725338.001365593634546, -351629.267614609445445 ], [ -6725327.280185434035957, -351619.240340637275949 ], [ -6724591.913968072272837, -350945.096048632171005 ], [ -6724581.031374650076032, -350935.317477845761459 ], [ -6723857.710498590953648, -350297.872935954597779 ], [ -6723846.676510662771761, -350288.336376758757979 ], [ -6723119.711320786736906, -349672.033506987267174 ], [ -6723108.508127236738801, -349662.717769432987552 ], [ -6722440.253731137141585, -349119.16248590714531 ], [ -6720118.80317687895149, -333918.217484362539835 ], [ -6713094.057104469276965, -319940.722675119992346 ], [ -6702093.843142142519355, -308818.101072851393837 ], [ -6688194.938875527121127, -301639.11237584828632 ], [ -6678242.782613373361528, -300006.348618812393397 ], [ -6673951.21297456882894, -298776.558620900323149 ], [ -6657105.707228734157979, -299789.530798996216618 ], [ -6641556.705294571816921, -306348.929804847517516 ], [ -6629075.531911171041429, -317707.516311980551109 ], [ -6628100.783940747380257, -318956.021049202070571 ], [ -6621811.467705618590117, -329440.814077277085744 ], [ -6621773.431740678846836, -329565.912135804945137 ], [ -6621512.188815258443356, -329876.777500855212566 ], [ -6615589.687392115592957, -345198.391391012875829 ], [ -6615589.340075306594372, -345200.071579612442292 ], [ -6615277.206595215015113, -348185.214493118284736 ], [ -6614991.18529889266938, -349111.995478693279438 ], [ -6614987.072043710388243, -349126.711170752823818 ], [ -6614604.666093504056334, -350578.550191388698295 ], [ -6614601.029285740107298, -350593.250275462516584 ], [ -6614488.095635748468339, -351059.306814516079612 ], [ -6614484.631373192183673, -351073.908780993369874 ], [ -6614454.562798329629004, -351201.39189579692902 ], [ -6614451.126365650445223, -351216.047383918252308 ], [ -6614313.073515273630619, -351821.710134817520157 ], [ -6614306.473382668569684, -351851.519519513065461 ], [ -6614295.787218166515231, -351899.855115379265044 ], [ -6614256.48143014870584, -352079.270926806784701 ], [ -6614253.294353129342198, -352093.947609463706613 ], [ -6614177.902571510523558, -352447.282377206371166 ], [ -6614065.006796726956964, -352985.913387044914998 ], [ -6614045.736640621908009, -353078.286250198318157 ], [ -6613962.044421053491533, -353481.373104333295487 ], [ -6613939.241928714327514, -353591.822402907768264 ], [ -6613936.198453838005662, -353606.648621396336239 ], [ -6613841.253894611261785, -354069.638230628625024 ], [ -6613797.909722222946584, -354283.372529423912056 ], [ -6613794.76049382891506, -354299.077437393076252 ], [ -6613572.339366815052927, -355481.952538901939988 ], [ -6613569.599794143810868, -355497.553753176762257 ], [ -6613410.480684190988541, -356458.560938044276554 ], [ -6613408.067277633585036, -356474.072953714348841 ], [ -6613326.265000159852207, -357019.648727540159598 ], [ -6613324.034157566726208, -357035.108339889149647 ], [ -6613195.048781679943204, -357994.59319066646276 ], [ -6613193.135199627839029, -358009.952454243088141 ], [ -6612977.331809631548822, -360098.766669199743774 ], [ -6612976.073899387381971, -360114.082449481938966 ], [ -6612927.390687638893723, -360757.72899551759474 ], [ -6612926.336492059752345, -360772.974532241176348 ], [ -6612903.160646780394018, -361126.314734001934994 ], [ -6612902.22111028060317, -361141.459921847272199 ], [ -6612860.576851706020534, -361907.918831233517267 ], [ -6612859.871086137369275, -361923.051756015163846 ], [ -6612818.574238548055291, -363112.674372394103557 ], [ -6612818.229148124344647, -363127.809529247577302 ], [ -6612805.642934308387339, -364066.200607023376506 ], [ -6612805.581708590500057, -364081.404896608437411 ], [ -6612806.096007347106934, -364586.008712262148038 ], [ -6612806.188402521423995, -364601.241994203766808 ], [ -6612808.091937728226185, -364829.312555430049542 ], [ -6612808.252237795852125, -364844.396427928644698 ], [ -6612896.148970099166036, -367323.672770193370525 ], [ -6612897.058450339362025, -367338.749954659375362 ], [ -6612997.880109029822052, -368700.494431508413982 ], [ -6612999.213716531172395, -368715.686464210331906 ], [ -6613106.114861039444804, -369798.166619397816248 ], [ -6613107.796898543834686, -369813.4924555728212 ], [ -6613268.65327388048172, -371120.238552815571893 ], [ -6613270.721590015105903, -371135.392679260578007 ], [ -6613303.168623924255371, -371369.011683955439366 ], [ -6613305.279241473414004, -371383.94950010010507 ], [ -6613425.352835626341403, -372186.677154680422973 ], [ -6613427.691658129915595, -372201.490091451851185 ], [ -6613509.22231256403029, -372701.41343889629934 ], [ -6613511.725887909531593, -372716.289933337480761 ], [ -6613625.379869353026152, -373365.461342228634749 ], [ -6613628.082706589251757, -373380.322228474833537 ], [ -6613768.453158935531974, -374120.404361242137384 ], [ -6613771.364163619466126, -374135.14482809312176 ], [ -6613921.697698217816651, -374867.536696371447761 ], [ -6613924.817983545362949, -374882.181274062488228 ], [ -6614162.142653156071901, -375939.662949342804495 ], [ -6614165.577972640283406, -375954.22947804548312 ], [ -6614267.945747234858572, -376379.940030311059672 ], [ -6614271.483480654656887, -376394.373874346434604 ], [ -6614405.083209136500955, -376926.798811583255883 ], [ -6614408.776789842173457, -376941.183596904622391 ], [ -6614560.91965154837817, -377519.338520382647403 ], [ -6614564.760173977352679, -377533.586160904727876 ], [ -6614858.755975103937089, -378578.948919740796555 ], [ -6614862.889267797581851, -378593.056070367922075 ], [ -6615262.95764229260385, -379892.742175422376022 ], [ -6615267.571835190057755, -379907.037765149667393 ], [ -6615977.232005653902888, -381953.016591958177742 ], [ -6615982.529700214974582, -381967.284308165602852 ], [ -6616145.796082744374871, -382394.340781032282393 ], [ -6616155.007342981174588, -382471.685269584006164 ], [ -6616156.972131997346878, -382486.741753338195849 ], [ -6616230.072934768162668, -383024.188946013455279 ], [ -6616232.184665505774319, -383039.108270848460961 ], [ -6616544.865664752200246, -384974.062770044605713 ], [ -6616547.555143650621176, -384988.858317484031431 ], [ -6616799.342802220024168, -386277.599871357611846 ], [ -6616802.455295177176595, -386292.489091772178654 ], [ -6616956.715013636276126, -387004.48330893414095 ], [ -6616960.062390729784966, -387019.407100439304486 ], [ -6617104.511776873841882, -387644.600972626009025 ], [ -6617108.066208211705089, -387659.547068801184651 ], [ -6617551.233128800988197, -389385.74807930062525 ], [ -6617555.3385916268453, -389400.632845348212868 ], [ -6617868.320692835375667, -390487.286326512810774 ], [ -6617872.741189809516072, -390502.006055202218704 ], [ -6618283.920003595761955, -391806.169590412231628 ], [ -6618288.776872977614403, -391820.870363882626407 ], [ -6618652.108208483085036, -392880.595098392630462 ], [ -6618657.27454605512321, -392895.130834416602738 ], [ -6619001.242922362871468, -393833.099202389304992 ], [ -6619006.695351019501686, -393847.520081819093321 ], [ -6619319.207248535007238, -394652.963332215207629 ], [ -6619324.863391862250865, -394667.175683949317317 ], [ -6619613.881100472062826, -395377.494504319562111 ], [ -6619619.75097722094506, -395391.609841460129246 ], [ -6620011.27316446043551, -396307.277933325036429 ], [ -6620017.407981598749757, -396321.239384092390537 ], [ -6620429.920380002819002, -397235.036977295181714 ], [ -6620436.337948651053011, -397248.881341004685964 ], [ -6620963.209775728173554, -398350.048248660867102 ], [ -6620969.962416036985815, -398363.729804836330004 ], [ -6621696.065563426353037, -399777.798714386997744 ], [ -6621703.284632403403521, -399791.324153759691399 ], [ -6622336.986908378079534, -400941.964246456278488 ], [ -6622344.617859468795359, -400955.399361792136915 ], [ -6622900.135473306290805, -401908.795243005384691 ], [ -6622908.073666197247803, -401922.079817099671345 ], [ -6623259.316277517937124, -402500.946979066415224 ], [ -6623267.455958686769009, -402514.15907116769813 ], [ -6623687.954414596781135, -403184.755375083943363 ], [ -6623696.327866693027318, -403197.877143025456462 ], [ -6624220.252395490184426, -404001.785852523811627 ], [ -6624228.882995611056685, -404014.754848837037571 ], [ -6624858.099642898887396, -404937.740532982512377 ], [ -6624867.005202164873481, -404950.495425284840167 ], [ -6625587.566129429265857, -405955.788209208461922 ], [ -6625596.815665916539729, -405968.361336289730389 ], [ -6626446.355818718671799, -407089.76197423733538 ], [ -6626455.952672021463513, -407102.066355622198898 ], [ -6627191.033878010697663, -408021.987570062919986 ], [ -6627200.850030705332756, -408033.979715455614496 ], [ -6627302.71734665427357, -408158.021695894713048 ], [ -6627856.145534722134471, -408829.720007350842934 ], [ -6628192.690442168153822, -409233.836703174980357 ], [ -6628460.958410771563649, -409552.544265828037169 ], [ -6628477.468053348362446, -409572.329462579102255 ], [ -6628487.377714419737458, -409584.191265146131627 ], [ -6628502.548679730854928, -409601.954313994385302 ], [ -6628536.782327795401216, -409642.624553501897026 ], [ -6628537.074235771782696, -409642.378843738115393 ], [ -6629194.125987919047475, -410411.693263069726527 ], [ -6629204.227118509821594, -410423.262898784247227 ], [ -6629409.573140060529113, -410656.990412576938979 ], [ -6629429.782080423086882, -410679.848670945735648 ], [ -6629602.018229626119137, -410873.649425747687928 ], [ -6629632.468563139438629, -410907.733865764283109 ], [ -6629672.751973317936063, -410952.770113731210586 ], [ -6629683.032328291796148, -410964.24942993541481 ], [ -6629835.103112141601741, -411133.280773782054894 ], [ -6629968.752179592847824, -411281.158206014195457 ], [ -6630017.805344620719552, -411335.353911266196519 ], [ -6630048.63527759630233, -411369.365927786042448 ], [ -6630417.405035919509828, -411775.934470916923601 ], [ -6630429.675438256002963, -411789.527082891261671 ], [ -6630469.173026049509645, -411833.228989817202091 ], [ -6630478.860048134811223, -411843.934462912206072 ], [ -6631020.971992290578783, -412442.667488254897762 ], [ -6631376.769939348101616, -412837.708161965245381 ], [ -6632139.591019276529551, -413683.769949786947109 ], [ -6632159.941127923317254, -413706.512617991538718 ], [ -6632438.368051548488438, -414015.083690504950937 ], [ -6632448.640614157542586, -414026.373722756223287 ], [ -6632541.292493228800595, -414127.921739197219722 ], [ -6632572.626703499816358, -414162.169887579570059 ], [ -6632975.658978760242462, -414597.468862875015475 ], [ -6632986.383498505689204, -414608.915024513844401 ], [ -6633259.225533468648791, -414897.806905008445028 ], [ -6633270.090315763838589, -414909.21961259865202 ], [ -6633474.819549177773297, -415123.002885947818868 ], [ -6633485.763368324376643, -415134.363181487191468 ], [ -6634333.163409027270973, -415993.033959491585847 ], [ -6634344.371055354364216, -416004.119922958663665 ], [ -6635058.133709097281098, -416696.229722429183312 ], [ -6635069.541730514727533, -416707.073693838319741 ], [ -6635745.501817655749619, -417337.818993085471448 ], [ -6635757.1191197168082, -417348.460003528220113 ], [ -6636624.669862833805382, -418124.72555088379886 ], [ -6636636.53318096883595, -418135.094459372805431 ], [ -6637629.505696054548025, -418980.397988038661424 ], [ -6637641.668463617563248, -418990.48141238669632 ], [ -6639100.63047809805721, -420154.76223516400205 ], [ -6639113.228504867292941, -420164.436390685441438 ], [ -6640561.012366308830678, -421235.317708393384237 ], [ -6640573.996671721339226, -421244.564752163249068 ], [ -6642019.168998553417623, -422236.065116585989017 ], [ -6642032.501733960583806, -422244.872781540441792 ], [ -6642677.996325075626373, -422664.188441021833569 ], [ -6642691.504945288412273, -422672.816563252650667 ], [ -6643787.680353152565658, -423353.206447114411276 ], [ -6643801.337028281763196, -423361.440912606311031 ], [ -6644879.432157744653523, -423993.258343725232407 ], [ -6644893.214623899199069, -424001.10584346059477 ], [ -6645956.480493809096515, -424589.517523860791698 ], [ -6645970.290789839811623, -424596.942372087389231 ], [ -6647228.990751011297107, -425250.816846002708189 ], [ -6647243.090477711521089, -425257.889298787165899 ], [ -6648348.711814486421645, -425795.561489051789977 ], [ -6648362.907275951467454, -425802.250321364612319 ], [ -6650360.426374212838709, -426690.63853111397475 ], [ -6650374.725362807512283, -426696.627032551681623 ], [ -6651490.725389677099884, -427148.299994350876659 ], [ -6651505.142376926727593, -427153.933869756001513 ], [ -6652494.475249540060759, -427528.530559053004254 ], [ -6652508.952349317260087, -427533.83768779959064 ], [ -6653880.609158413484693, -428014.174229152267799 ], [ -6653895.158615860156715, -428019.033056856424082 ], [ -6655339.124491547234356, -428477.055032204487361 ], [ -6655353.89324839413166, -428481.494553422147874 ], [ -6656088.097872159443796, -428696.088390074379276 ], [ -6656103.121550632640719, -428700.355058965273201 ], [ -6656478.225407406687737, -428804.148468619852792 ], [ -6657376.860485577024519, -429273.051054325012956 ], [ -6657390.332370351068676, -429279.87731677753618 ], [ -6658691.921732613816857, -429915.871706963225733 ], [ -6658705.629614713601768, -429922.32548629125813 ], [ -6660378.209510947577655, -430672.646101343154442 ], [ -6660392.083259081467986, -430678.566805760667194 ], [ -6662515.485132195055485, -431527.876039734110236 ], [ -6662529.347748382017016, -431533.056238165474497 ], [ -6662957.305965597741306, -431684.137399483821355 ], [ -6662981.074678057804704, -431752.497656271385495 ], [ -6662990.858548101037741, -431780.440075512509793 ], [ -6662996.053249195218086, -431795.275022560323123 ], [ -6663042.144250180572271, -431926.316833699005656 ], [ -6663047.00445915106684, -431940.073861646291334 ], [ -6663172.580515869893134, -432291.344633977510966 ], [ -6663177.552044323645532, -432305.089392739871982 ], [ -6663190.160556775517762, -432339.933409066405147 ], [ -6663402.068652258254588, -432914.499007909093052 ], [ -6663407.228310654871166, -432928.229270265903324 ], [ -6663496.369519451633096, -433163.639832407410722 ], [ -6663501.579271622002125, -433177.294238870381378 ], [ -6663753.332844671793282, -433823.626601048221346 ], [ -6663758.810876811854541, -433837.40706727450015 ], [ -6664024.787348750978708, -434492.945860995969269 ], [ -6664030.598226172849536, -434506.981791591271758 ], [ -6664122.603829266503453, -434727.722324178845156 ], [ -6664128.489290744066238, -434741.748216771520674 ], [ -6664153.041628684848547, -434800.156185832922347 ], [ -6664158.922637384384871, -434814.121840367501136 ], [ -6664199.180856912396848, -434909.447291912219953 ], [ -6664205.049620466306806, -434923.303623856336344 ], [ -6664395.583161311224103, -435367.176543900102843 ], [ -6664401.564357549883425, -435380.926899874815717 ], [ -6664427.215066281147301, -435439.792735489842016 ], [ -6664433.224092395976186, -435453.558711193967611 ], [ -6664483.748605970293283, -435568.908063696406316 ], [ -6664489.841121700592339, -435582.769979271746706 ], [ -6664541.647387421689928, -435700.23189139663009 ], [ -6664547.766619831323624, -435714.058111085847486 ], [ -6664692.02655443828553, -436036.919220225478057 ], [ -6664698.230389658361673, -436050.67293061100645 ], [ -6665162.860466729849577, -437051.149190732918214 ], [ -6665169.354845823720098, -437064.738916040572803 ], [ -6665477.380007266998291, -437697.797833326738328 ], [ -6665490.795119101181626, -437724.882467146555427 ], [ -6665514.630994859151542, -437772.946672450227197 ], [ -6665570.393095801584423, -437884.959364242153242 ], [ -6665577.32384729757905, -437898.838026742334478 ], [ -6665589.235963976942003, -437922.681315235677175 ], [ -6665899.645140707492828, -438533.424298009078484 ], [ -6665906.854190928861499, -438547.3710135386209 ], [ -6666015.745534320361912, -438756.819926962605678 ], [ -6666023.046979723498225, -438770.78337786172051 ], [ -6666416.746100462041795, -439508.609174244338647 ], [ -6666424.293561932630837, -439522.473342371929903 ], [ -6666559.404747175984085, -439769.0102891055285 ], [ -6666566.965566997416317, -439782.714934207499027 ], [ -6666821.503174809738994, -440238.445826266368385 ], [ -6666829.184219673275948, -440252.031108428840525 ], [ -6666915.018038255162537, -440403.229171881102957 ], [ -6666938.004399906843901, -440443.556654647283722 ], [ -6667041.534692948684096, -440624.314889478380792 ], [ -6667049.15562529116869, -440637.556586605787743 ], [ -6667365.488936902023852, -441179.309314227197319 ], [ -6667369.779123944230378, -441186.551961728138849 ], [ -6667416.31463563349098, -441304.137151298404206 ], [ -6667422.014193565584719, -441318.275650664116256 ], [ -6668001.049131411127746, -442694.987338949518744 ], [ -6668007.193967298604548, -442709.007582571124658 ], [ -6668701.471173953264952, -444223.913197008892894 ], [ -6668708.090230874717236, -444237.742668247083202 ], [ -6669537.708088318817317, -445891.784172229235992 ], [ -6669544.831422534771264, -445905.353701320360415 ], [ -6670197.832544071599841, -447108.941413409833331 ], [ -6670205.328798587433994, -447122.317938646767288 ], [ -6671004.77294490672648, -448497.132324420846999 ], [ -6671012.689987088553607, -448510.262295000255108 ], [ -6671691.96710201818496, -449604.674048192973714 ], [ -6671700.200291558168828, -449617.565273485030048 ], [ -6671851.078890892677009, -449852.358313222008292 ], [ -6671883.222393857315183, -449902.073498696554452 ], [ -6673922.242681530304253, -452822.133518271555658 ], [ -6673930.977921972982585, -452833.739533245505299 ], [ -6676888.771764362230897, -456405.91481927188579 ], [ -6676898.859536616131663, -456417.007640611846 ], [ -6677934.528217864222825, -457521.77695628174115 ], [ -6677955.741260032169521, -457543.729433701606467 ], [ -6678345.081883296370506, -457942.1754327819217 ], [ -6678355.844251668080688, -457953.067442419298459 ], [ -6679235.756062329746783, -458821.824765172728803 ], [ -6679246.883558629080653, -458832.542735906492453 ], [ -6679389.340668395161629, -458969.215870305255521 ], [ -6679400.572805017232895, -458979.949461218493525 ], [ -6680186.254193264991045, -459714.751259949873202 ], [ -6680197.741251519881189, -459725.265070567547809 ], [ -6681245.588227168656886, -460657.662678506923839 ], [ -6681257.386979998089373, -460667.868573014566209 ], [ -6682166.067337652668357, -461435.17304363817675 ], [ -6682178.104314192198217, -461445.094450433098245 ], [ -6682477.741096685640514, -461690.126729126728605 ], [ -6682489.892732297070324, -461699.985660967300646 ], [ -6683885.214300875551999, -462791.628838943666779 ], [ -6683897.638669246807694, -462800.999120349762961 ], [ -6685367.126921428367496, -463867.960695485468023 ], [ -6685379.779494747519493, -463876.801047535031103 ], [ -6686670.214328406378627, -464748.836788096523378 ], [ -6686682.98935317248106, -464757.182911215000786 ], [ -6686875.36733565106988, -464879.086432806041557 ], [ -6687157.722402608022094, -465181.629587030387484 ], [ -6687168.194227105937898, -465192.554840932541993 ], [ -6687754.978106751106679, -465794.5336046347511 ], [ -6687765.606891728006303, -465805.255796416196972 ], [ -6687846.216398382559419, -465886.387909164477605 ], [ -6687856.766146528534591, -465896.981792878417764 ], [ -6688146.712158670648932, -466185.767528767639305 ], [ -6688168.01870920881629, -466206.815833108557854 ], [ -6688396.965811069123447, -466431.54128906794358 ], [ -6688407.710368321277201, -466442.020255790674128 ], [ -6688992.321024337783456, -467003.010155502182897 ], [ -6689003.319390026852489, -467013.394286044407636 ], [ -6689153.286619894206524, -467154.403405664488673 ], [ -6689164.361796028912067, -467164.774148545751814 ], [ -6689287.712760029360652, -467279.88942043192219 ], [ -6689298.870312596671283, -467290.266858851187862 ], [ -6690051.317618780769408, -467975.951545594085474 ], [ -6690062.712281855754554, -467986.124805861967616 ], [ -6690980.99095206335187, -468786.089522688707802 ], [ -6690992.798610452562571, -468796.12554878363153 ], [ -6691092.758351308293641, -468880.861864798585884 ], [ -6691175.67022124864161, -468950.960105867241509 ], [ -6691249.664430128410459, -469013.425287585880142 ], [ -6691340.321319128386676, -469089.733775022672489 ], [ -6691910.464844657108188, -469568.486703273025341 ], [ -6692207.34375362470746, -469819.952083057723939 ], [ -6692389.206773994490504, -469973.254105308675207 ], [ -6692445.964129573665559, -470020.867434835294262 ], [ -6692601.934709377586842, -470151.170856841141358 ], [ -6692920.777294842526317, -470416.444971566554159 ], [ -6693158.135350703261793, -470616.611642728443258 ], [ -6693198.782510401681066, -470650.852891801449005 ], [ -6693597.849526557140052, -470986.665306225884706 ], [ -6693649.909838401712477, -471030.413299773877952 ], [ -6693995.033839478157461, -471320.032169908750802 ], [ -6694085.005668594501913, -471396.398584107926581 ], [ -6694206.349492071196437, -471499.061587434145622 ], [ -6694241.882673536427319, -471529.027677265519742 ], [ -6694320.19657688587904, -471594.93485282472102 ], [ -6694427.159022805280983, -471684.76511790783843 ], [ -6694528.407208472490311, -471769.568594307871535 ], [ -6694588.554242544807494, -471819.811543631949462 ], [ -6695223.807730870321393, -472341.654806850652676 ], [ -6695248.421583478339016, -472361.53776689642109 ], [ -6696594.616687566973269, -473411.519383341306821 ], [ -6696607.225846287794411, -473421.012326688040048 ], [ -6697989.667683585546911, -474417.323728666873649 ], [ -6699165.062273471616209, -475405.451249836303759 ], [ -6699189.423430836759508, -475424.600576834054664 ], [ -6699223.533359661698341, -475451.392252459074371 ], [ -6699970.839252083562315, -476026.841430939210113 ], [ -6699983.372713548131287, -476036.305632859643083 ], [ -6700027.835506859235466, -476069.868293325358536 ], [ -6700054.609859506599605, -476090.075874580070376 ], [ -6700123.670373620465398, -476142.104423852171749 ], [ -6700172.761155866086483, -476179.021756817353889 ], [ -6700289.627280634827912, -476266.640673732676078 ], [ -6700314.168775573372841, -476284.98441832291428 ], [ -6700402.968776376917958, -476351.205521279480308 ], [ -6700807.233845747075975, -476651.983097614836879 ], [ -6700819.143802403472364, -476660.923067084921058 ], [ -6700882.617027088068426, -476708.454296364507172 ], [ -6701404.388178358785808, -477098.531527264276519 ], [ -6701481.248798048123717, -477155.877871459815651 ], [ -6701882.066230602562428, -477454.333160651556682 ], [ -6701889.05975816398859, -477459.57825116434833 ], [ -6701962.946179428137839, -477514.886007881781552 ], [ -6702379.930067627690732, -477826.419647968898062 ], [ -6702455.469604972749949, -477882.745306622760836 ], [ -6702853.299244221299887, -478178.802009720937349 ], [ -6703064.750589800067246, -478337.64109360659495 ], [ -6703195.002011261880398, -478435.152897491876502 ], [ -6703626.206180649809539, -478756.877343772561289 ], [ -6704457.270538537763059, -479379.132763111847453 ], [ -6704457.349322380498052, -479379.027541940740775 ], [ -6704715.987303259782493, -479571.687439294764772 ], [ -6705151.429613741114736, -479893.562877119402401 ], [ -6705598.840907203033566, -480227.576907900045626 ], [ -6706271.765371533110738, -480729.677160161663778 ], [ -6706465.85469039529562, -480874.756508623831905 ], [ -6707211.43501012865454, -481431.382170334283728 ], [ -6707251.094344423152506, -481460.962495636485983 ], [ -6708107.457325899042189, -482098.646007769275457 ], [ -6708596.056466529145837, -482463.54842065583216 ], [ -6708596.059542401693761, -482463.544302105961833 ], [ -6708628.811544538475573, -482488.038356321747415 ], [ -6709385.681668002158403, -483052.695746279379819 ], [ -6709819.677915379405022, -483376.38080607552547 ], [ -6710584.200998888351023, -483946.596749333315529 ], [ -6710751.890158666297793, -484072.378426981798839 ], [ -6710864.231659211218357, -484156.398462556069717 ], [ -6711275.177733066491783, -484462.846378806978464 ], [ -6711579.723817660473287, -484690.503414696373511 ], [ -6712124.132341546006501, -485097.091995373601094 ], [ -6712125.943063731305301, -485098.447555277438369 ], [ -6712175.557114255614579, -485135.542155266914051 ], [ -6712523.058715889230371, -485395.020864700665697 ], [ -6713113.547821142710745, -485835.052671995770652 ], [ -6713420.080140094272792, -486064.360852054844145 ], [ -6713561.422676585614681, -486169.706985700991936 ], [ -6714043.382102251984179, -486527.603576155030169 ], [ -6714372.22410392574966, -486773.619264175882563 ], [ -6714469.377448480576277, -486846.118814253772143 ], [ -6714928.528511608019471, -487187.88917376101017 ], [ -6715033.802295538596809, -487266.99610832426697 ], [ -6715201.188282687216997, -487392.209468087181449 ], [ -6715564.012437997385859, -487662.439667857368477 ], [ -6715684.499879089184105, -487752.755924286844674 ], [ -6715743.088277066126466, -487796.606308165355586 ], [ -6716496.052616877481341, -488359.301922266546171 ], [ -6716552.555232346057892, -488401.671964294277132 ], [ -6717181.832068652845919, -488871.409525440423749 ], [ -6717224.970346329733729, -488903.577905480284244 ], [ -6717335.794712521135807, -488985.935258381883614 ], [ -6717701.969549800269306, -489257.268216491735075 ], [ -6717944.186915555037558, -489438.816963900986593 ], [ -6718038.410200423561037, -489509.266997232276481 ], [ -6719067.094363871961832, -490276.521169451531023 ], [ -6719250.154332844540477, -490413.947892390599009 ], [ -6719787.348406542092562, -490816.649809348396957 ], [ -6720058.211833922192454, -491022.726251976855565 ], [ -6720713.441712707281113, -491510.034309594426304 ], [ -6720922.720875622704625, -491667.99477118550567 ], [ -6721078.653878739103675, -491784.381070410599932 ], [ -6721177.478317830711603, -491857.952894504589494 ], [ -6722085.865400212816894, -492532.481918177800253 ], [ -6722169.031844132579863, -492594.104280636121985 ], [ -6722545.650870553217828, -492872.55759845697321 ], [ -6723158.631719964556396, -493333.57990368019091 ], [ -6723371.89118327666074, -493494.311601128312759 ], [ -6723504.61972280498594, -493594.002830228360835 ], [ -6723507.984911011531949, -493596.521666637854651 ], [ -6723916.215092008933425, -493898.857699695334304 ], [ -6724040.164825649932027, -493989.683724911126774 ], [ -6724129.086490279063582, -494057.015413050539792 ], [ -6724502.915252076461911, -494337.326208250015043 ], [ -6725203.560885564424098, -494857.599868571793195 ], [ -6725490.415186156518757, -495070.664639332331717 ], [ -6725998.365325167775154, -495453.137880690570455 ], [ -6726974.105967696756124, -496176.662026122037787 ], [ -6727262.222149081528187, -496392.451430362416431 ], [ -6727272.684658237732947, -496400.34295824309811 ], [ -6727309.777425765991211, -496428.198363687493838 ], [ -6727370.719007913023233, -496473.903162680391688 ], [ -6727496.152684395201504, -496567.6175598577247 ], [ -6727711.900072918273509, -496728.281661411048844 ], [ -6727953.895087434910238, -497237.802073824219406 ], [ -6728022.625703210942447, -497381.920120221562684 ], [ -6728266.280016533099115, -497890.735013354104012 ], [ -6728423.132114225998521, -498219.379946805187501 ], [ -6728669.175938936881721, -498727.504404366540257 ], [ -6728676.160123786889017, -498741.722786150698084 ], [ -6728750.817314537242055, -498893.063746168161742 ], [ -6728794.392216018401086, -498981.021965800144244 ], [ -6728972.975743682123721, -499337.914453835168388 ], [ -6728980.279415471479297, -499352.366160739620682 ], [ -6729171.045067991130054, -499725.931668339006137 ], [ -6729185.937389468774199, -499754.794902406167239 ], [ -6729555.313241592608392, -500456.964435579546262 ], [ -6729593.993425059132278, -500529.09912092925515 ], [ -6729823.275338775478303, -500951.793752800673246 ], [ -6729826.734035352244973, -500958.097545108350459 ], [ -6730550.602826616726816, -502232.745255498331971 ], [ -6730554.209578119218349, -502238.884950953361113 ], [ -6731769.694639367982745, -504202.673863574047573 ], [ -6731773.632009754888713, -504208.718673251802102 ], [ -6731889.876186702400446, -504386.355688241019379 ], [ -6731958.541388209909201, -504490.800913306418806 ], [ -6731993.825332200154662, -504544.413343103369698 ], [ -6732749.61417915020138, -505659.38351690210402 ], [ -6732758.744603781029582, -505672.470021066605113 ], [ -6733470.552936838008463, -506666.568709564162418 ], [ -6733479.930490741506219, -506679.332602017559111 ], [ -6733515.020948913879693, -506727.0396078301128 ], [ -6733937.309408278204501, -507292.376843674457632 ], [ -6733956.479737790301442, -507317.666863893042319 ], [ -6734201.097537553869188, -507637.68741125415545 ], [ -6734210.821295074187219, -507650.302841926051769 ], [ -6734365.647370730526745, -507850.124737487407401 ], [ -6734375.495806079357862, -507862.769194112624973 ], [ -6734739.200358090922236, -508324.11485596653074 ], [ -6734749.220225458033383, -508336.672242173634004 ], [ -6735207.689910935238004, -508902.741132694529369 ], [ -6735217.893455461598933, -508915.153400241513737 ], [ -6735359.847625253722072, -509087.053205244592391 ], [ -6735370.114621891640127, -509099.42975262273103 ], [ -6735854.217152455821633, -509674.15629384922795 ], [ -6735864.625524843111634, -509686.32632532028947 ], [ -6735916.100577559322119, -509746.417415548814461 ], [ -6735926.501157582737505, -509758.539447329181712 ], [ -6736173.060223803855479, -510043.725136724009644 ], [ -6736214.546771633438766, -510091.347022423055023 ], [ -6736410.941200536675751, -510315.434055467892904 ], [ -6736421.444194491021335, -510327.346228913054802 ], [ -6736646.99321511760354, -510581.411756631569006 ], [ -6736657.727753618732095, -510593.421050976205152 ], [ -6736895.66040307469666, -510857.711257666698657 ], [ -6736906.492902718484402, -510869.658040164795239 ], [ -6737658.75466444157064, -511681.074637674260885 ], [ -6737669.986801063641906, -511692.92430257902015 ], [ -6737834.158414494246244, -511865.298169363406487 ], [ -6737845.409475430846214, -511877.055181898234878 ], [ -6737983.062200989574194, -512020.327092441089917 ], [ -6738005.428513078950346, -512043.514042441092897 ], [ -6738357.770689941011369, -512405.112401305756066 ], [ -6738369.056259917095304, -512416.578060717787594 ], [ -6738574.097595662809908, -512623.680581494816579 ], [ -6738585.419901073910296, -512635.050239443720784 ], [ -6739005.274074317887425, -513051.701986963860691 ], [ -6739016.790075639262795, -513062.995737057412043 ], [ -6739205.828654033131897, -513247.409139464027248 ], [ -6739217.539464465342462, -513258.773218854737934 ], [ -6739564.333402283489704, -513592.075557553383987 ], [ -6739576.194494027644396, -513603.365961704286747 ], [ -6740221.588935440406203, -514206.9276349247084 ], [ -6740233.74168424680829, -514218.093013323901687 ], [ -6740434.341631749644876, -514401.392165312194265 ], [ -6740495.237845995463431, -514456.733482032024767 ], [ -6740619.33918044809252, -514569.135576516448054 ], [ -6740890.681552450172603, -514814.07226571982028 ], [ -6741267.574725706130266, -515150.846552397473715 ], [ -6741673.662057449109852, -515510.032622731348965 ], [ -6741783.113684275187552, -515607.404060212837067 ], [ -6742119.849091226235032, -515906.923621346475556 ], [ -6742445.341584800742567, -516195.94142721244134 ], [ -6742613.96165141928941, -516347.339394340349827 ], [ -6742683.223448812961578, -516409.410850313492119 ], [ -6743512.629352473653853, -517151.323060789494775 ], [ -6743552.394805810414255, -517186.855516758456361 ], [ -6744418.123146126978099, -517959.59794709214475 ], [ -6744556.860824100673199, -518082.972093859803863 ], [ -6745004.138085328042507, -518479.234130515134893 ], [ -6745004.346685440279543, -518478.998674987989943 ], [ -6745055.425674302503467, -518524.997627193399239 ], [ -6745353.847625642083585, -518788.818004359432962 ], [ -6745478.712401708588004, -518898.835240397369489 ], [ -6745749.000680247321725, -519136.185985983873252 ], [ -6745926.180125983431935, -519294.959985117486212 ], [ -6746197.649607215076685, -519539.417861321242526 ], [ -6746554.303142710588872, -519857.510492239671294 ], [ -6747008.95324135478586, -520259.119863275962416 ], [ -6747203.160979553125799, -520435.082427419605665 ], [ -6748196.557939379476011, -521318.42981493921252 ], [ -6748212.841155310161412, -521333.286024695029482 ], [ -6748230.353937597945333, -521348.882154857972637 ], [ -6748389.831455934792757, -521490.297613297880162 ], [ -6748819.719871268607676, -521869.864148407359608 ], [ -6749054.617961733601987, -522079.963990752527025 ], [ -6749323.387740307487547, -522318.441910580557305 ], [ -6749499.365019273012877, -522473.848677649570163 ], [ -6749518.058918721973896, -522490.279436206328683 ], [ -6749686.044247844256461, -522642.606203189701773 ], [ -6750100.363808752037585, -523014.124936937179882 ], [ -6750729.519306817092001, -523572.001058939611539 ], [ -6750769.846863408572972, -523607.72096764401067 ], [ -6751226.37169642187655, -524011.646614547003992 ], [ -6751671.902974714525044, -524410.359356468077749 ], [ -6751842.051581094041467, -524561.931131676072255 ], [ -6752194.020444975234568, -524874.036443154327571 ], [ -6752543.88759789802134, -525186.914363370160572 ], [ -6752730.284567494876683, -525354.651100167073309 ], [ -6752933.347245222888887, -525536.386099059134722 ], [ -6753232.546249539591372, -525802.695370144676417 ], [ -6753240.121830942109227, -525809.555881838081405 ], [ -6753417.784398660995066, -525968.859618405462243 ], [ -6753682.881280331872404, -526206.152744294842705 ], [ -6753779.191192863509059, -526292.12760580109898 ], [ -6754278.533522091805935, -526736.728278167545795 ], [ -6755004.028452732600272, -527383.203860045410693 ], [ -6755052.918244338594377, -527426.711312076658942 ], [ -6755494.521658832207322, -527819.180457332753576 ], [ -6756195.866088678129017, -528443.88309823977761 ], [ -6756258.299173787236214, -528499.400121736107394 ], [ -6756630.039954363368452, -528829.405356139992364 ], [ -6756643.304094580002129, -528841.20708372280933 ], [ -6757424.048726089298725, -529535.599994804011658 ], [ -6757964.523527952842414, -530016.734130686381832 ], [ -6757997.216224510222673, -530045.847591647412628 ], [ -6758281.685390871018171, -530298.891099682310596 ], [ -6758328.637182862497866, -530340.606434554676525 ], [ -6758514.318134814500809, -530504.638801229069941 ], [ -6758560.291971313767135, -530545.050183836487122 ], [ -6758593.827310675755143, -530574.504605445661582 ], [ -6759274.433965190313756, -531161.308882482349873 ], [ -6759286.073531147092581, -531171.163306280155666 ], [ -6759890.140971845947206, -531674.485424094717018 ], [ -6759902.019874710589647, -531684.225963787524961 ], [ -6760424.084859552793205, -532106.481755007291213 ], [ -6760436.119609701447189, -532116.08273055148311 ], [ -6761021.124172550626099, -532575.70214191894047 ], [ -6761033.322562352754176, -532585.140106286737137 ], [ -6761257.335503734648228, -532757.450325920945033 ], [ -6761367.741061507724226, -532841.878452853881754 ], [ -6761645.594771165400743, -533054.259047248866409 ], [ -6762030.953621902503073, -533353.850635046837851 ], [ -6762088.859691888093948, -533399.044943071552552 ], [ -6762493.805111152119935, -533711.774456483311951 ], [ -6762946.858592441305518, -534057.970656109275296 ], [ -6763031.792282847687602, -534123.823592687258497 ], [ -6763034.896983447484672, -534126.225277364486828 ], [ -6763687.955529114231467, -534631.34480627940502 ], [ -6763839.858887596987188, -534748.372228670632467 ], [ -6764415.119054198265076, -535189.801516264327802 ], [ -6764431.835010179318488, -535168.017679321346804 ], [ -6764918.63267544656992, -535574.464739863527939 ], [ -6765274.908795773051679, -535840.907300423248671 ], [ -6765534.635053834877908, -536038.849406567867845 ], [ -6766068.38339708186686, -536455.689096972346306 ], [ -6766074.16087865550071, -536460.107375134830363 ], [ -6766401.29374791122973, -536708.157546051777899 ], [ -6766897.246374135836959, -537081.019337300793268 ], [ -6766985.266599120572209, -537149.500858087558299 ], [ -6767884.49765338562429, -537842.946989852935076 ], [ -6768014.53778531216085, -537942.88835253030993 ], [ -6768284.248213582672179, -538149.469529742375016 ], [ -6768358.956020397134125, -538206.579611391061917 ], [ -6769194.006753833964467, -538843.687536984798498 ], [ -6769443.60905078612268, -539036.12566149875056 ], [ -6769798.828432712703943, -539308.034692827262916 ], [ -6770217.681133388541639, -539628.613628101767972 ], [ -6770310.269467126578093, -539700.515624366817065 ], [ -6770783.616589886136353, -540063.600258931517601 ], [ -6771165.527126719243824, -540352.945298997103237 ], [ -6771482.529283281415701, -540598.070594291435555 ], [ -6771772.789455001242459, -540820.825116193387657 ], [ -6772070.516962789930403, -541047.58423641230911 ], [ -6772109.613509664312005, -541078.189788724295795 ], [ -6772163.57563282456249, -541119.581279688514769 ], [ -6772209.298727203160524, -541154.611234354088083 ], [ -6772626.115637809969485, -541473.567435324192047 ], [ -6772834.785148024559021, -541634.062152165453881 ], [ -6772884.641318035311997, -541672.358343820204027 ], [ -6773654.820799821987748, -542263.189462519483641 ], [ -6773727.900442438200116, -542319.144592619268224 ], [ -6774160.039525677450001, -542649.39146067830734 ], [ -6774427.46718099527061, -542854.328418018878438 ], [ -6774812.430053657852113, -543151.663461723015644 ], [ -6775726.514467580243945, -543850.080756527022459 ], [ -6775800.613805867731571, -543906.587971365079284 ], [ -6775938.151419213041663, -544011.269852422061376 ], [ -6776006.844043159857392, -544081.902985780965537 ], [ -6776774.566703777760267, -544869.359942779527046 ], [ -6776775.661257814615965, -544868.292819135589525 ], [ -6776852.139625572599471, -544949.278184300172143 ], [ -6777133.584656707011163, -545236.792135090567172 ], [ -6777364.38190705422312, -545475.320421255659312 ], [ -6777480.994980441406369, -545748.772828313987702 ], [ -6777553.451441921293736, -545921.908777161617763 ], [ -6777763.399461741559207, -546414.797943556332029 ], [ -6778000.967464365065098, -546976.08191413548775 ], [ -6778012.582678338512778, -547003.720074852812104 ], [ -6778174.110599064268172, -547386.796885322313756 ], [ -6778208.849594339728355, -547468.978393753990531 ], [ -6778405.626071425154805, -547933.333797319442965 ], [ -6778417.489249219186604, -547961.692235709517263 ], [ -6778665.150625946931541, -548546.365180654567666 ], [ -6778728.638406983576715, -548696.11932848172728 ], [ -6779253.797159456647933, -549891.151012822519988 ], [ -6779300.7205512188375, -549994.252814539591782 ], [ -6779451.827872594818473, -550323.109395192936063 ], [ -6779456.871758718974888, -550333.982566156773828 ], [ -6779732.037908084690571, -550917.277354454621673 ], [ -6779737.354526966810226, -550928.361645695054904 ], [ -6780407.020393583923578, -552272.369671960594133 ], [ -6780431.998260931111872, -552320.668961834046058 ], [ -6780940.593275642953813, -553278.526287543238141 ], [ -6780946.331795388832688, -553289.056539855198935 ], [ -6781627.924961308017373, -554499.462270102696493 ], [ -6781634.443830691277981, -554510.671678906306624 ], [ -6782013.373252063989639, -555151.235011494834907 ], [ -6782020.704753728583455, -555163.420707486453466 ], [ -6782066.650309988297522, -555239.633246414014138 ], [ -6782082.36639569979161, -555265.650032152654603 ], [ -6782112.586989026516676, -555315.61198814236559 ], [ -6782159.574946087785065, -555393.192127198097296 ], [ -6782277.401544840075076, -555586.740331975044683 ], [ -6782285.022477182559669, -555599.195251288125291 ], [ -6782959.445900909602642, -556670.695796992396936 ], [ -6782967.378527821041644, -556682.951886377180927 ], [ -6783305.566847282461822, -557198.464707199949771 ], [ -6783349.762911513447762, -557264.937158882850781 ], [ -6783570.366049393080175, -557593.898630778538063 ], [ -6783593.271147822961211, -557627.763768756645732 ], [ -6784737.298075611703098, -559248.932836921652779 ], [ -6784804.950269752182066, -559340.872678896528669 ], [ -6785530.037156190723181, -560301.819718926213682 ], [ -6786210.860482710413635, -561181.867185464012437 ], [ -6786504.143700839951634, -561560.598890882451087 ], [ -6787723.362497279420495, -563073.344876060727984 ], [ -6787775.394340471364558, -563135.396144214668311 ], [ -6788512.401771731674671, -563994.38671443448402 ], [ -6788564.839931064285338, -564054.122375690727495 ], [ -6789430.811799557879567, -565015.236908322083764 ], [ -6789439.598246968351305, -565024.738586902501993 ], [ -6789686.630305585451424, -565289.944672486861236 ], [ -6789696.003406710922718, -565299.934505819808692 ], [ -6789941.840891871601343, -565560.075336535810493 ], [ -6789983.154894485138357, -565603.480803244630806 ], [ -6790247.459901303052902, -565879.051181592745706 ], [ -6790257.980706384405494, -565889.936901608482003 ], [ -6791272.766078767366707, -566910.125679112039506 ], [ -6791337.18889447581023, -566973.053995813243091 ], [ -6792310.824830560944974, -567898.86962057009805 ], [ -6792330.267892826348543, -567916.866543289856054 ], [ -6792885.271081457845867, -568422.902959605911747 ], [ -6792904.747539564035833, -568440.394976123352535 ], [ -6793118.277146453037858, -568631.066715321969241 ], [ -6793208.413651343435049, -568711.091708437423222 ], [ -6793361.12836214993149, -568846.119203672744334 ], [ -6793882.628058589063585, -569305.328747857827693 ], [ -6793901.158832309767604, -569321.770971931517124 ], [ -6793984.861536876298487, -569395.993176405550912 ], [ -6794039.813628607429564, -569444.646688893553801 ], [ -6794708.378699370659888, -570035.706405571079813 ], [ -6795050.89478313177824, -570339.688276181230322 ], [ -6795057.894304418936372, -570345.977107514976524 ], [ -6795157.500758386217058, -570434.721688051475212 ], [ -6795906.604260720312595, -571102.122714776662178 ], [ -6796038.037194184027612, -571222.560870124725625 ], [ -6797026.901121595874429, -572101.886700326460414 ], [ -6797243.264997265301645, -572295.140063139959238 ], [ -6797268.306306662037969, -572317.797674860805273 ], [ -6797355.109213729389012, -572396.153349459986202 ], [ -6797562.80132728908211, -572583.193581578671001 ], [ -6798013.92893158365041, -572989.403885981068015 ], [ -6798112.802889506332576, -573078.195605595014058 ], [ -6798346.068496402353048, -573287.115660160430707 ], [ -6798366.111085260286927, -573305.525373045587912 ], [ -6798707.165119209326804, -573613.590823051752523 ], [ -6799826.708445887081325, -575152.580774639151059 ], [ -6799880.272045272402465, -575223.018441277788952 ], [ -6800693.272873261012137, -576263.338507637381554 ], [ -6800749.36565147805959, -576333.194147224887274 ], [ -6801252.11108635365963, -576949.195232536643744 ], [ -6801256.792070939205587, -576954.838521729921922 ], [ -6801600.369692472741008, -577364.569381758570671 ], [ -6801639.387173999100924, -577410.597230739542283 ], [ -6801718.528243795968592, -577503.726782305166125 ], [ -6801749.717738727107644, -577540.33836606098339 ], [ -6802285.019251544028521, -578158.389411040348932 ], [ -6802331.112199897877872, -578210.736554804840125 ], [ -6804094.319416574202478, -580111.474323331029154 ], [ -6804098.439350932836533, -580115.690877130255103 ], [ -6804343.156869175843894, -580364.405387509730645 ], [ -6804381.399567036889493, -580403.002395804505795 ], [ -6805033.276313580572605, -581048.952899426105432 ], [ -6805046.41980586387217, -581061.739992337301373 ], [ -6805342.289564010687172, -581347.228502283571288 ], [ -6805395.09730404894799, -581397.765751598286442 ], [ -6806650.402773100882769, -582558.634625605307519 ], [ -6806691.555362457409501, -582595.406073893769644 ], [ -6807487.930050669237971, -583291.985824236180633 ], [ -6807493.271159841679037, -583296.558793958160095 ], [ -6808628.36781395599246, -584239.737105422420427 ], [ -6808682.74181923083961, -584283.57752002181951 ], [ -6808852.222369027324021, -584419.618786035222001 ], [ -6808857.340839212760329, -584423.70909948030021 ], [ -6809268.259630361571908, -584748.573433149955235 ], [ -6809305.914561320096254, -584778.023473112378269 ], [ -6809521.345185683108866, -584945.566887802560814 ], [ -6809549.141662533394992, -584967.06311154726427 ], [ -6809655.619324743747711, -585049.178353506955318 ], [ -6809691.889441234059632, -585077.072059298865497 ], [ -6811530.950856397859752, -586425.796504326863214 ], [ -6811537.644497379660606, -586430.474505273625255 ], [ -6811871.834904061630368, -586662.014356017578393 ], [ -6811955.659593823365867, -586719.588315191096626 ], [ -6813456.12264543119818, -587710.927759163430892 ], [ -6813461.146494048647583, -587714.118679077248089 ], [ -6814203.771609258837998, -588176.731728995218873 ], [ -6814278.559382763691247, -588222.416868367814459 ], [ -6814667.106588134542108, -588457.350420069764368 ], [ -6814673.39057338796556, -588461.111149585922249 ], [ -6815896.240315756760538, -589169.663075177464634 ], [ -6815974.489012223668396, -589213.537149595678784 ], [ -6816210.72406137175858, -589345.155816956772469 ], [ -6816219.246681588701904, -589349.874049565638416 ], [ -6817609.265243953093886, -590091.042517678579316 ], [ -6817785.625373628921807, -590181.54035496909637 ], [ -6818172.014760142192245, -590377.702526618842967 ], [ -6818554.932783200405538, -590570.019945219042711 ], [ -6818584.759240156039596, -590585.140665014041588 ], [ -6818825.755903226323426, -590768.553421184653416 ], [ -6818953.674505015835166, -590867.523631998687051 ], [ -6819587.401894570328295, -591349.092852602363564 ], [ -6819750.469749310985208, -591472.482861131429672 ], [ -6820299.382595938630402, -591886.071206559543498 ], [ -6820687.790514564141631, -592180.759066945523955 ], [ -6821257.47720561735332, -592705.113110692240298 ], [ -6821925.504095159471035, -593321.084462526370771 ], [ -6822012.551013650372624, -593401.158027852652594 ], [ -6822351.570137392729521, -593712.278760359738953 ], [ -6822871.454317643307149, -594192.005047072540037 ], [ -6823182.094155153259635, -594480.302407055394724 ], [ -6823372.307386004365981, -594655.920336875249632 ], [ -6823851.798281481489539, -595096.325273898779415 ], [ -6823990.52589114382863, -595223.264325939817354 ], [ -6824292.624066760763526, -595498.649424031144008 ], [ -6824842.091317049227655, -596004.191421749303117 ], [ -6825183.478739252313972, -596320.708624317543581 ], [ -6825336.103453356772661, -596462.681526770233177 ], [ -6825744.164250333793461, -596838.064714888227172 ], [ -6826088.661983485333622, -597151.466295346152037 ], [ -6826397.381662653759122, -597435.861360483220778 ], [ -6826397.755493214353919, -597435.455555794760585 ], [ -6826652.549167257733643, -597670.988409845740534 ], [ -6826968.180121596902609, -597958.702803145744838 ], [ -6827225.592589484527707, -598194.818246615701355 ], [ -6827610.338035349734128, -598550.488662103307433 ], [ -6827771.540848011150956, -598698.855789657915011 ], [ -6828106.13579214643687, -599005.457499193609692 ], [ -6828222.249702821485698, -599113.29881866008509 ], [ -6828522.482202763669193, -599389.867008050205186 ], [ -6828851.779611375182867, -599690.733646033680998 ], [ -6829190.983073378913105, -600004.224607098265551 ], [ -6829395.171305783092976, -600191.887580401496962 ], [ -6829732.240044733509421, -600499.956838616984896 ], [ -6830140.505022722296417, -600872.653255203622393 ], [ -6830207.964582012966275, -600935.212312152027152 ], [ -6830698.233880994841456, -601384.15251393255312 ], [ -6831306.685848388820887, -601942.320612019626424 ], [ -6831772.820234945043921, -602369.396069941925816 ], [ -6832142.839487959630787, -602709.34225100686308 ], [ -6832213.347580404020846, -602773.995571526931599 ], [ -6832556.127009238116443, -603087.708564734901302 ], [ -6832615.876387624070048, -603142.302618184592575 ], [ -6833066.765446434728801, -603553.618743924773298 ], [ -6833438.540744476020336, -603893.870828585117124 ], [ -6833651.680691751651466, -604090.008620842243545 ], [ -6833692.928750134073198, -604127.923667494324036 ], [ -6834344.46175654232502, -604726.137038224842399 ], [ -6834753.48625226970762, -605102.441296387580223 ], [ -6834970.322879645973444, -605302.707387283444405 ], [ -6835067.160813756287098, -605391.909053272451274 ], [ -6835165.024004500359297, -605481.817241388373077 ], [ -6835522.527396402321756, -605807.087956649367698 ], [ -6835854.778227796778083, -606106.460481962538324 ], [ -6836087.306415447965264, -606314.667220872011967 ], [ -6836132.036813236773014, -606354.4681638374459 ], [ -6836353.137609029188752, -606550.036516803200357 ], [ -6836392.256391289643943, -606584.432632007170469 ], [ -6836474.015423903241754, -606656.163671499933116 ], [ -6836518.013339443132281, -606694.680500232730992 ], [ -6837032.985917234793305, -607139.34732774051372 ], [ -6837113.281779140233994, -607207.732827386120334 ], [ -6837408.803550756536424, -607457.453314673737623 ], [ -6837739.016717148013413, -607734.305813090177253 ], [ -6837917.983517168089747, -607885.203229589038529 ], [ -6837997.973982841707766, -607952.504947172594257 ], [ -6838457.383852095343173, -608338.219922179123387 ], [ -6838717.412878545001149, -608558.136216822778806 ], [ -6838919.901205752976239, -608728.471203132066876 ], [ -6839356.162833518348634, -609093.491509477607906 ], [ -6839749.600486683659256, -609425.09278948046267 ], [ -6840036.293466478586197, -609668.146376626915298 ], [ -6840368.661814820021391, -609947.699906010180712 ], [ -6840453.010217305272818, -610019.315637445775792 ], [ -6841154.033530452288687, -610613.398575910367072 ], [ -6841322.243660460226238, -610755.306454786565155 ], [ -6841803.422313876450062, -611159.436128422152251 ], [ -6841941.43754774518311, -611276.131613864563406 ], [ -6842007.750968615524471, -611332.10273142834194 ], [ -6842327.546399242244661, -611601.547708050231449 ], [ -6842382.089839817024767, -611648.107506889034994 ], [ -6842714.595589199103415, -611929.192210247274488 ], [ -6842838.858010342344642, -612035.030444368952885 ], [ -6842955.600756719708443, -612134.155841323081404 ], [ -6843441.395674954168499, -612545.361973197897896 ], [ -6843614.39938395563513, -612691.132226266199723 ], [ -6844170.820846361108124, -613157.815991685492918 ], [ -6844499.438667464070022, -613435.237284535891376 ], [ -6844856.293546902015805, -613737.674226001603529 ], [ -6844856.732075002975762, -613737.156792873283848 ], [ -6845241.732803394086659, -614061.283586031058803 ], [ -6845331.710121412761509, -614136.044190829969011 ], [ -6846410.544731847010553, -615007.425135192926973 ], [ -6846419.796494726091623, -615014.688160206540488 ], [ -6846543.688694391399622, -615111.634147621574812 ], [ -6846591.64847060572356, -615149.041309020365588 ], [ -6846875.114273148588836, -615368.50611008296255 ], [ -6846884.613165297545493, -615375.806024873163551 ], [ -6847535.62052224483341, -615867.709554760833271 ], [ -6847545.543541654013097, -615875.081005224841647 ], [ -6847565.039574820548296, -615889.558572678361088 ], [ -6848125.611853091046214, -616299.776506868074648 ], [ -6848136.461050664074719, -616307.600640959572047 ], [ -6849204.696299502626061, -617056.988637851900421 ], [ -6849216.274639736860991, -617064.887660962762311 ], [ -6850286.062206313945353, -617774.768152319127694 ], [ -6850298.481008713133633, -617782.781185148749501 ], [ -6850611.42755257897079, -617983.062015173141845 ], [ -6850890.680287595838308, -618160.320279877516441 ], [ -6851030.947228666394949, -618249.029775377362967 ], [ -6851324.219540356658399, -618433.82428280916065 ], [ -6851642.580212970264256, -618634.069218884571455 ], [ -6852598.830269210971892, -619245.629863813170232 ], [ -6852602.734257120639086, -619239.525500020128675 ], [ -6853374.06395748257637, -619734.468738454277627 ], [ -6853649.176261988468468, -619903.734166293870658 ], [ -6853787.416310991160572, -619991.063367346650921 ], [ -6854366.892952412366867, -620356.730895469314419 ], [ -6854557.892940464429557, -620478.468241539550945 ], [ -6854758.786676828749478, -620605.840572326444089 ], [ -6855181.354606681503356, -620872.353523805388249 ], [ -6855211.778261413797736, -620892.233861962682568 ], [ -6855567.822713878937066, -621242.536709050880745 ], [ -6855575.119259607978165, -621235.120506811072119 ], [ -6855697.040029649622738, -621370.921980921761133 ], [ -6856373.213399110361934, -622031.601171178859659 ], [ -6856430.545362371951342, -622088.190285499789752 ], [ -6856525.30512308049947, -622181.473810487892479 ], [ -6856674.006812077946961, -622327.470079419319518 ], [ -6856910.139296978712082, -622559.053112537250854 ], [ -6857049.58072938490659, -622698.138823488843627 ], [ -6857455.828965893946588, -623098.893261559889652 ], [ -6857820.5821393718943, -623458.117598800803535 ], [ -6857942.077349743805826, -623577.355744304135442 ], [ -6858585.701032792218029, -624206.87518647487741 ], [ -6858919.310632994398475, -624536.017111736815423 ], [ -6859098.851807542145252, -624712.26468576816842 ], [ -6859442.323644958436489, -625047.742987630073912 ], [ -6859690.003540894016623, -625291.136313916533254 ], [ -6859836.165594059973955, -625434.182350052054971 ], [ -6859845.988425924442708, -625443.756517746252939 ], [ -6859913.701252084225416, -625509.630576279596426 ], [ -6860160.710296597331762, -625749.478219348704442 ], [ -6860333.839447794482112, -625917.587151310755871 ], [ -6860670.595330102369189, -626241.534690173924901 ], [ -6860710.692610685713589, -626279.747752888360992 ], [ -6862858.804065268486738, -628211.619458364089951 ], [ -6862940.588268764317036, -628281.003594477893785 ], [ -6863825.971753335557878, -629014.804389162571169 ], [ -6863831.351824328303337, -629019.159975240705535 ], [ -6865230.821623125113547, -630111.586242234217934 ], [ -6865280.534681325778365, -630148.991078701452352 ], [ -6865925.804185935296118, -630626.43790111457929 ], [ -6865957.531354002654552, -630649.521630003582686 ], [ -6867720.438681525178254, -631875.149094383348711 ], [ -6867745.763865679502487, -631891.961047851364128 ], [ -6868915.148340787738562, -632645.0286850547418 ], [ -6869064.403287656605244, -632738.235713934875093 ], [ -6869238.025625843554735, -632842.550784819875844 ], [ -6869239.488712886348367, -632845.774386045522988 ], [ -6869372.633503464981914, -633136.654433198506013 ], [ -6869379.181315912865102, -633150.839287254144438 ], [ -6869571.314794366247952, -633562.150276389089413 ], [ -6869577.997303396463394, -633576.288163733785041 ], [ -6869826.437681522220373, -634094.181639869930223 ], [ -6869833.343942730687559, -634108.368736609118059 ], [ -6870019.91622347291559, -634487.552160410443321 ], [ -6870040.940022507682443, -634529.82829513202887 ], [ -6870582.577601439319551, -635587.289694672916085 ], [ -6870589.817821118049324, -635601.020525568630546 ], [ -6870663.423274038359523, -635740.080023970454931 ], [ -6870670.777039599604905, -635753.920453862170689 ], [ -6871244.604430265724659, -636803.421266897348687 ], [ -6871335.521284785121679, -636965.079177162260748 ], [ -6871771.389293257147074, -637724.450477476231754 ], [ -6872212.342752593569458, -638477.335525576141663 ], [ -6872551.94752037525177, -639060.431075067608617 ], [ -6872585.562574499286711, -639118.222286410047673 ], [ -6872713.933928924612701, -639337.633890397381037 ], [ -6872869.276938739232719, -639601.603486875304952 ], [ -6873116.934650949202478, -640021.721210008952767 ], [ -6873388.035753642208874, -640476.062872206326574 ], [ -6873445.344140694476664, -640570.962021833402105 ], [ -6873985.972182221710682, -641445.751096848864108 ], [ -6873996.379441420547664, -641462.210138229653239 ], [ -6874044.630631415173411, -641538.367127480567433 ], [ -6874066.431440491229296, -641572.707789169624448 ], [ -6874666.558962528593838, -642495.42399763490539 ], [ -6874718.804539141245186, -642573.850861671147868 ], [ -6876756.700154579244554, -645412.705319203669205 ], [ -6876775.235962990671396, -645436.708928163978271 ], [ -6876842.87546425126493, -645524.182020864333026 ], [ -6878129.315451943315566, -647118.728985508205369 ], [ -6878186.465765318833292, -647186.670162275084294 ], [ -6878225.614469227381051, -647233.162672503152862 ], [ -6878260.696366159245372, -647274.761209910851903 ], [ -6878273.342260309495032, -647289.739596838131547 ], [ -6878385.969083356671035, -647422.669514213339426 ], [ -6878400.925970139913261, -647440.260427810251713 ], [ -6878542.006481767632067, -647605.457774980342947 ], [ -6878555.490611689165235, -647621.177651866455562 ], [ -6878762.595156921073794, -647861.078563985764049 ], [ -6878957.170690512284636, -648085.027579738758504 ], [ -6879110.987595356069505, -648332.228186063934118 ], [ -6879674.793412921950221, -649230.160408296040259 ], [ -6879683.461889992468059, -649244.341309911687858 ], [ -6879959.764890381135046, -649686.549133141292259 ], [ -6880067.054986592382193, -649859.803090229746886 ], [ -6880153.149905512109399, -649998.31472307885997 ], [ -6880406.721621447242796, -650404.787112709367648 ], [ -6880451.657778348773718, -650477.128603334189393 ], [ -6880531.532568952068686, -650605.284670230001211 ], [ -6880968.629932831041515, -651304.237233126419596 ], [ -6881083.538718740455806, -651489.233699732343666 ], [ -6881141.677699671126902, -651582.604788736440241 ], [ -6881276.337548095732927, -651798.339035746525042 ], [ -6881479.982936785556376, -652124.129580728593282 ], [ -6881711.494597004726529, -652494.418779549421743 ], [ -6881856.252069149166346, -652727.647024724516086 ], [ -6881993.674709025770426, -652947.780618723132648 ], [ -6882209.471742423251271, -653291.471298633376136 ], [ -6882463.939727567136288, -653700.002695467905141 ], [ -6882505.839824840426445, -653767.152020187233575 ], [ -6883301.846541678532958, -655040.591395076480694 ], [ -6883301.881688085384667, -655040.569425615947694 ], [ -6883319.408702841028571, -655068.707461133832112 ], [ -6883676.253070840612054, -655638.868114574113861 ], [ -6883760.14979921001941, -655773.595469894702546 ], [ -6883807.981380210258067, -655850.25238963868469 ], [ -6884055.514895719476044, -656246.163126430823468 ], [ -6884102.416093721054494, -656321.908841592841782 ], [ -6884189.032721367664635, -656461.283709404058754 ], [ -6884265.807547776959836, -656584.371132779750042 ], [ -6884294.495674592442811, -656630.30926705931779 ], [ -6884464.45493355114013, -656902.136265843757428 ], [ -6884529.251085091382265, -657005.488325336831622 ], [ -6884889.317864517681301, -657578.253400462446734 ], [ -6884998.484766945242882, -657753.879791318904608 ], [ -6885109.451476604677737, -657931.570348654291593 ], [ -6885510.776078005321324, -658571.223317075404339 ], [ -6885578.264030738733709, -658679.342850837856531 ], [ -6885940.095668285153806, -659258.584966555587016 ], [ -6885977.246140694245696, -659318.327014978742227 ], [ -6886086.235818525776267, -659492.793061599833891 ], [ -6886387.711838564835489, -659973.181004944839515 ], [ -6886420.495126410387456, -660026.124635905493051 ], [ -6886439.925255215726793, -660057.480345443938859 ], [ -6886520.428601137362421, -660186.904222912155092 ], [ -6886764.706978539004922, -660578.295076754293405 ], [ -6886815.603460121899843, -660659.669104598928243 ], [ -6887158.937728523276746, -661207.426786657422781 ], [ -6887360.898607303388417, -661531.843022455577739 ], [ -6887418.270139242522418, -661623.778544568107463 ], [ -6887624.635324470698833, -661953.673757801530883 ], [ -6887689.559183232486248, -662057.179490454494953 ], [ -6887880.765072059817612, -662361.186245063785464 ], [ -6888008.649242579005659, -662567.671259621158242 ], [ -6888243.279559710994363, -662942.733769180485979 ], [ -6888428.378442347049713, -663238.576571126002818 ], [ -6888902.077830010093749, -663995.388964303070679 ], [ -6889000.254588817246258, -664153.187803929671645 ], [ -6889074.417133940383792, -664272.017346608568914 ], [ -6889152.742640860378742, -664397.126635403372347 ], [ -6889431.043158768676221, -664841.556086340569891 ], [ -6889677.384361882694066, -665237.231040541199036 ], [ -6889788.88544144667685, -665416.314740089816041 ], [ -6889837.044306409545243, -665493.506847515935078 ], [ -6890309.532092714682221, -666249.30838200612925 ], [ -6890383.091906296089292, -666366.61455685691908 ], [ -6890796.553993309848011, -667023.940550692612305 ], [ -6891048.448035643436015, -667426.417326327296905 ], [ -6891172.881096858531237, -667624.20744770928286 ], [ -6891340.504872901365161, -667889.274267048225738 ], [ -6891959.313550195656717, -668843.604432682390325 ], [ -6892029.353547410108149, -668948.975389777100645 ], [ -6892078.610926871187985, -669022.937498937360942 ], [ -6892195.946122945286334, -669198.782524851267226 ], [ -6892293.719060233794153, -669344.754342664033175 ], [ -6892411.008615317754447, -669519.200195309706032 ], [ -6892460.228921826928854, -669592.266915816813707 ], [ -6893173.470442097634077, -670649.051573189091869 ], [ -6893202.360724287107587, -670691.88617870467715 ], [ -6893233.067433359101415, -670737.360092387418263 ], [ -6893652.207580091431737, -671357.335721589741297 ], [ -6893745.471106928773224, -671495.20812848105561 ], [ -6894054.897672398015857, -671951.888969721854664 ], [ -6894103.604692501947284, -672024.140011363197118 ], [ -6894380.611596530303359, -672434.385233603650704 ], [ -6894473.482934051193297, -672571.770697667845525 ], [ -6894504.161125561222434, -672617.095440763514489 ], [ -6895083.500038301572204, -673472.017159731709398 ], [ -6895084.691991566680372, -673471.209430914837867 ], [ -6895145.458650827407837, -673563.550052953301929 ], [ -6895156.302282428368926, -673579.479826188413426 ], [ -6895187.824199618771672, -673625.731239786953665 ], [ -6895535.212016837671399, -674134.833175698993728 ], [ -6895544.276040568947792, -674148.194889399339445 ], [ -6895740.402816370129585, -674436.824165635043755 ], [ -6895955.376862881705165, -674752.631339923944324 ], [ -6895999.192564093507826, -674818.242480190121569 ], [ -6896175.372356195002794, -675079.725758473854512 ], [ -6896228.818471252918243, -675158.88637570454739 ], [ -6896503.036478120833635, -675564.203441020916216 ], [ -6896823.526709010824561, -676038.915348622831516 ], [ -6897030.353743776679039, -676342.841507996548899 ], [ -6897055.816964102908969, -676379.964794117491692 ], [ -6897463.886540236882865, -676965.883542584488168 ], [ -6897473.05370029900223, -676978.847661220468581 ], [ -6897753.438707719556987, -677371.335923108155839 ], [ -6897800.340948780998588, -677436.325517487595789 ], [ -6897832.242196356877685, -677480.478440866689198 ], [ -6897841.655372492037714, -677493.491809278959408 ], [ -6898275.774970368482172, -678084.471464155241847 ], [ -6898285.381842426024377, -678097.350561423692852 ], [ -6898335.5309634571895, -678164.463729077484459 ], [ -6898345.09776049759239, -678177.244361480115913 ], [ -6899144.237500760704279, -679216.175084269721992 ], [ -6899154.170538925565779, -679228.744237889302894 ], [ -6899337.425170900300145, -679459.234119904693216 ], [ -6899347.449491045437753, -679471.766350709018297 ], [ -6899390.704904472455382, -679525.766879093367606 ], [ -6899445.968352482654154, -679594.660624587442726 ], [ -6899755.172237574122846, -679976.271921143634245 ], [ -6899763.837346732616425, -679986.859431798802689 ], [ -6900396.028570082969964, -680743.945443150820211 ], [ -6900686.634779973886907, -681085.067440693033859 ], [ -6901680.519282074645162, -682216.737080292426981 ], [ -6901686.167633031494915, -682222.976383526343852 ], [ -6902493.92423567827791, -683094.211486985208467 ], [ -6902568.450408374890685, -683172.703004021081142 ], [ -6903069.891943801194429, -683687.493863228475675 ], [ -6903209.693030674941838, -683839.672238081693649 ], [ -6903211.386609819717705, -683838.116404637345113 ], [ -6903444.716591965407133, -684114.424114681198262 ], [ -6903465.879540360532701, -684137.165180537034757 ], [ -6903853.302350065670907, -684548.787701964029111 ], [ -6903864.046907316893339, -684560.074873817502521 ], [ -6904211.374575096182525, -684921.300893685198389 ], [ -6904528.182923651300371, -685247.498679976211861 ], [ -6904611.317588673904538, -685336.437452664831653 ], [ -6904611.88045322149992, -685337.047082810546272 ], [ -6904697.886137973517179, -685429.96224258467555 ], [ -6905108.7151715233922, -685872.670523108099587 ], [ -6905142.020142576657236, -685908.526703385985456 ], [ -6905203.209134824573994, -685974.2471495103091 ], [ -6905483.921268370933831, -686275.205563809373416 ], [ -6905724.684123459272087, -686532.996924441307783 ], [ -6905734.808556084521115, -686544.000427804654464 ], [ -6905842.647639275528491, -686660.829487516894005 ], [ -6905849.885632568970323, -686668.645902926684357 ], [ -6906014.423667022027075, -686845.474278776324354 ], [ -6906310.712549641728401, -687162.356547618517652 ], [ -6906407.435800964944065, -687266.421270272112451 ], [ -6906825.036387252621353, -687713.8734177503502 ], [ -6907104.8982047829777, -688015.78043822129257 ], [ -6907184.849791848100722, -688102.265662233578041 ], [ -6907251.331209917552769, -688174.038940023281612 ], [ -6907659.826986944302917, -688614.186080913874321 ], [ -6908125.507555822841823, -689115.447263010893948 ], [ -6908680.92434276919812, -689713.770409681950696 ], [ -6909194.097576628439128, -690268.098641960415989 ], [ -6909299.205022535286844, -690381.877764092641883 ], [ -6909351.813802521675825, -690438.73848996241577 ], [ -6909690.839848393574357, -690804.596348529215902 ], [ -6909797.185110660269856, -690920.323403568589129 ], [ -6910344.376067657954991, -691511.100622912868857 ], [ -6910647.298587722703815, -691838.03386849234812 ], [ -6910976.472376151941717, -692193.285473320749588 ], [ -6911016.982241254299879, -692237.415722959558479 ], [ -6911076.260895429179072, -692301.878724150941707 ], [ -6911132.891346789896488, -692363.353778286487795 ], [ -6911249.385393381118774, -692489.378905354300514 ], [ -6911619.385373927652836, -692888.275229001767002 ], [ -6911659.696536068804562, -692932.294521769974381 ], [ -6911806.950892753899097, -693092.393869225401431 ], [ -6912201.192259905859828, -693519.158047969802283 ], [ -6912681.720948579721153, -694044.605178254074417 ], [ -6912796.354447938501835, -694169.528324072365649 ], [ -6913098.892265853472054, -694498.102269180468284 ], [ -6913293.613910228945315, -694711.477074324386194 ], [ -6913343.455095348879695, -694766.011772884055972 ], [ -6913629.664185346104205, -695078.708771364297718 ], [ -6913941.187112574465573, -695415.940593485021964 ], [ -6914048.854210872203112, -695531.424828763585538 ], [ -6914102.865983108058572, -695589.266266863560304 ], [ -6914112.563023956492543, -695599.634408344514668 ], [ -6914392.168050134554505, -695896.158258438343182 ], [ -6914401.19272124953568, -695905.651197787141427 ], [ -6914851.323644809424877, -696373.027218602597713 ], [ -6914860.146827650256455, -696382.070246361196041 ], [ -6915630.720790090039372, -697154.791663277894258 ], [ -6915680.709920624271035, -697203.837800915353 ], [ -6916040.385446522384882, -697553.206117712426931 ], [ -6916051.56748937163502, -697563.959272873471491 ], [ -6916855.867037620395422, -698320.494613868999295 ], [ -6916867.272832653485239, -698330.988119293935597 ], [ -6916947.706685083918273, -698404.826494367909618 ], [ -6916977.328801580704749, -698431.960093256551772 ], [ -6917024.219667381606996, -698474.856943123158999 ], [ -6917034.41987232118845, -698484.176426074351184 ], [ -6917694.148985606618226, -699076.297559047583491 ], [ -6917704.875731744803488, -699085.754703622194938 ], [ -6918545.052129752933979, -699810.08400374930352 ], [ -6918555.105392962694168, -699818.558501879335381 ], [ -6918613.120067157782614, -699867.387344786082394 ], [ -6918637.135761843062937, -699887.569390881340951 ], [ -6918656.252742354758084, -699918.931266502244398 ], [ -6918986.552226178348064, -700456.160725891357288 ], [ -6919234.768711386248469, -700861.435834152274765 ], [ -6919390.208054540678859, -701115.699573928955942 ], [ -6919557.239250887185335, -701386.979141171672381 ], [ -6919925.087778494693339, -701980.170047172927298 ], [ -6920049.26734603010118, -702181.743531839805655 ], [ -6920079.804395803250372, -702231.248049981077202 ], [ -6920342.04434444475919, -702655.820140414172783 ], [ -6920348.109703896567225, -702665.643471260089427 ], [ -6920913.332007485441864, -703579.593957951408811 ], [ -6920913.522258928976953, -703579.476295826840214 ], [ -6920990.967193372547626, -703704.89036245981697 ], [ -6921207.252460417337716, -704052.527667329413816 ], [ -6921457.133827236481011, -704457.888451797887683 ], [ -6921609.775384264998138, -704703.908129856805317 ], [ -6921893.787180245853961, -705158.71884907130152 ], [ -6922190.312375565990806, -705636.382122528040782 ], [ -6922288.959617526270449, -705794.630596074857749 ], [ -6922332.318559188395739, -705863.8983151310822 ], [ -6922367.802186777815223, -705920.500777931767516 ], [ -6922633.947051757015288, -706344.417868033982813 ], [ -6922900.355507841333747, -706764.107359761139378 ], [ -6922908.786846075206995, -706777.244963804609142 ], [ -6923932.711731397546828, -708309.813705713371746 ], [ -6923941.713025425560772, -708322.76323267200496 ], [ -6923996.876330683939159, -708401.959586172248237 ], [ -6924056.125016462057829, -708486.846396249136887 ], [ -6924718.209940141998231, -709412.790183962555602 ], [ -6924724.076477303169668, -709420.800386477960274 ], [ -6925682.020717155188322, -710686.154147158958949 ], [ -6925739.881248889490962, -710760.113388263154775 ], [ -6926341.704179200343788, -711514.274712861282751 ], [ -6926385.031951405107975, -711567.508226907113567 ], [ -6926552.725100682117045, -711772.429249825421721 ], [ -6926719.115456762723625, -711974.66329610242974 ], [ -6926885.093198250979185, -712175.328482516109943 ], [ -6927491.500638455152512, -712904.592952770879492 ], [ -6927946.152952410280704, -713452.247430821415037 ], [ -6927946.26070839818567, -713452.157973853056319 ], [ -6928061.300664059817791, -713590.58149848296307 ], [ -6928420.9003562675789, -714020.854830262367614 ], [ -6928437.238439125940204, -714040.571700403932482 ], [ -6928713.289625590667129, -714372.135379070998169 ], [ -6928829.753892200067639, -714511.504457124858163 ], [ -6928839.03905092831701, -714522.574785768170841 ], [ -6929144.383366086520255, -714886.042881331290118 ], [ -6929200.021689157932997, -714953.103562645846978 ], [ -6929240.236876495182514, -715001.512761383783072 ], [ -6929570.845745396800339, -715398.975387062178925 ], [ -6930122.781405325047672, -716062.0457591812592 ], [ -6930105.91419443115592, -716041.771750510320999 ], [ -6930173.771577326580882, -716123.215851958259009 ], [ -6930657.008832078427076, -716701.96047007245943 ], [ -6931183.92866671923548, -717333.617864158004522 ], [ -6931208.658156597055495, -717363.467022243421525 ], [ -6931446.764981431886554, -717649.16646506160032 ], [ -6931487.343058060854673, -717697.792606583912857 ], [ -6932507.762075976468623, -718919.02362581633497 ], [ -6932540.485178512521088, -718958.145857372204773 ], [ -6932791.116559256799519, -719257.478816147893667 ], [ -6932837.048199384473264, -719312.256086871959269 ], [ -6933085.159259648993611, -719607.719741183682345 ], [ -6933136.832971898838878, -719669.792317100218497 ], [ -6933417.529958103783429, -720005.597119429381564 ], [ -6933470.641517824493349, -720070.224487807136029 ], [ -6933788.672397462651134, -720451.971243319916539 ], [ -6933885.697384129278362, -720568.077012030291371 ], [ -6934234.803947013802826, -720984.555996115901507 ], [ -6934378.021295893006027, -721156.201425396371633 ], [ -6934412.528570007532835, -721197.510281644528732 ], [ -6934493.997739340178668, -721294.930868895957246 ], [ -6934546.54073688108474, -721357.657258122228086 ], [ -6934760.1539341583848, -721612.247481618076563 ], [ -6935191.485169960185885, -722125.962826105533168 ], [ -6935209.181867945939302, -722147.221121395705268 ], [ -6935213.391971093602479, -722152.273288940428756 ], [ -6935425.082089425995946, -722406.046060724300332 ], [ -6935495.443283872678876, -722490.203268140670843 ], [ -6935609.531290400773287, -722626.357196812634356 ], [ -6935635.758217599242926, -722657.632781861699186 ], [ -6935825.643452073447406, -722882.62439997063484 ], [ -6935952.259354091249406, -723031.756308493437245 ], [ -6936041.406602691859007, -723136.602034820127301 ], [ -6936219.486932463943958, -723344.825692726531997 ], [ -6936278.037645037285984, -723412.908637892222032 ], [ -6936327.667798022739589, -723470.530032164417207 ], [ -6936333.063453737646341, -723476.784848055336624 ], [ -6936654.039908041246235, -723845.21556034416426 ], [ -6936712.40360386762768, -723911.550689362338744 ], [ -6937613.405423355288804, -724908.283485693158582 ], [ -6937622.845316176302731, -724918.448414136073552 ], [ -6938186.494738286361098, -725515.482387177762575 ], [ -6938195.773217845708132, -725525.150156168499961 ], [ -6939119.071169902570546, -726462.194075948907994 ], [ -6939157.686788064427674, -726500.366886470117606 ], [ -6939279.653978596441448, -726620.523285550880246 ], [ -6939288.300163446925581, -726629.011983177741058 ], [ -6939333.026202386245131, -726672.868365138419904 ], [ -6939412.663052901625633, -726750.858961494639516 ], [ -6940313.029811076819897, -727610.91344478353858 ], [ -6940702.90072409901768, -727974.15316770481877 ], [ -6940757.694180096499622, -728025.127259855624288 ], [ -6941202.090492901392281, -728437.927069116616622 ], [ -6941596.089946336112916, -728803.794234623550437 ], [ -6941984.161781935952604, -729166.546402433887124 ], [ -6942141.478412075899541, -729312.966701670084149 ], [ -6942464.162740898318589, -729612.009064322570339 ], [ -6942609.860499997623265, -729748.846634233137593 ], [ -6942771.785095236264169, -729900.250071432208642 ], [ -6942796.572606253437698, -729923.324220467125997 ], [ -6943286.909815482795238, -730379.114318757550791 ], [ -6943367.56848633941263, -730454.376776477321982 ], [ -6943436.434283886104822, -730518.514198553049937 ], [ -6943798.343629927374423, -730854.939144068164751 ], [ -6944354.103442296385765, -731372.58544946485199 ], [ -6944399.360479389317334, -731414.686586700030603 ], [ -6944724.225262565538287, -731716.523273587692529 ], [ -6944777.460732743144035, -731765.913156116614118 ], [ -6945305.845374962314963, -732255.415216983528808 ], [ -6945306.100742171518505, -732255.139565209974535 ], [ -6945422.495899170637131, -732364.900673394906335 ], [ -6945634.14542062394321, -732559.897764112451114 ], [ -6945768.929132300429046, -732683.621635980554856 ], [ -6945774.541861030273139, -732688.7549152582651 ], [ -6945811.754135799594223, -732721.769357240758836 ], [ -6945917.088939438574016, -732894.70382176572457 ], [ -6946075.79984244145453, -733153.497342699905857 ], [ -6946292.106939564459026, -733503.816200359608047 ], [ -6946303.640164453536272, -733523.515054423362017 ], [ -6946571.742935148067772, -733959.794736594310962 ], [ -6946595.460620113648474, -733998.543225459638052 ], [ -6946718.02226628176868, -734198.411131430300884 ], [ -6946842.63673095498234, -734400.5480065504089 ], [ -6947139.280910020694137, -734879.185868236818351 ], [ -6947244.413291461765766, -735048.515755955013447 ], [ -6947373.273049662820995, -735254.892660646350123 ], [ -6947380.45649640634656, -735266.335330937989056 ], [ -6947483.233998940326273, -735429.353382362169214 ], [ -6947524.12944027222693, -735493.942460013902746 ], [ -6947708.852477920241654, -735783.483678761287592 ], [ -6947716.910895860753953, -735796.019557383609936 ], [ -6948801.485878180712461, -737413.099601875059307 ], [ -6948810.244495715945959, -737425.624282474513166 ], [ -6949043.147115284577012, -737755.822183829033747 ], [ -6949052.195163493044674, -737768.540640213876031 ], [ -6949557.892757502384484, -738466.561580849345773 ], [ -6949567.260292653925717, -738479.259878679760732 ], [ -6949671.785000141710043, -738620.430113910348155 ], [ -6949681.238251300528646, -738633.150816058041528 ], [ -6949846.151680435054004, -738853.793289435096085 ], [ -6949855.697326770052314, -738866.491592866485007 ], [ -6950126.628092500381172, -739223.55969713407103 ], [ -6950136.316227786242962, -739236.209840072668158 ], [ -6950163.929900035262108, -739272.236282190307975 ], [ -6950594.557603743858635, -739825.753786722081713 ], [ -6950604.467264817096293, -739838.30872866732534 ], [ -6950732.733972059562802, -740000.126712010242045 ], [ -6950742.68704772926867, -740012.630133133963682 ], [ -6951220.838013027794659, -740604.014495837152936 ], [ -6951231.002595733851194, -740616.392470995895565 ], [ -6951798.310055441223085, -741294.908465796033852 ], [ -6951808.741804922930896, -741307.16323505982291 ], [ -6952032.850642900913954, -741568.607280607800931 ], [ -6952043.395938263274729, -741580.823969828081317 ], [ -6952810.223979648202658, -742448.66636744432617 ], [ -6952821.078743194229901, -742460.668004239094444 ], [ -6952988.675829051993787, -742645.047210623626597 ], [ -6952999.590705127455294, -742656.995086148381233 ], [ -6953414.636993722058833, -743105.781701438361779 ], [ -6953425.758924048393965, -743117.661254644393921 ], [ -6953891.987511596642435, -743608.937314465874806 ], [ -6953903.273081572726369, -743620.669019703171216 ], [ -6954043.191256018355489, -743765.533274133689702 ], [ -6954054.525806569494307, -743777.221298677148297 ], [ -6954530.605446599423885, -744261.522902449360117 ], [ -6954542.066901370882988, -744273.0249961897498 ], [ -6954747.800822186283767, -744478.291812217095867 ], [ -6954770.772712306119502, -744501.078711104928516 ], [ -6954863.568907801061869, -744592.887610731413588 ], [ -6954875.055966056883335, -744604.222819389426149 ], [ -6955366.188335099257529, -745082.263537428574637 ], [ -6955378.069464353844523, -745093.670433457824402 ], [ -6955513.055400730110705, -745222.784733821055852 ], [ -6955620.426389181986451, -745325.10191438277252 ], [ -6955662.292855745181441, -745364.951635164557956 ], [ -6955686.043982299044728, -745387.532497317530215 ], [ -6955726.819114848040044, -745426.268627889687195 ], [ -6955761.83995961677283, -745459.50163147423882 ], [ -6955844.703300284221768, -745537.917549838544801 ], [ -6955872.894961330108345, -745564.535215061856434 ], [ -6956096.208419532515109, -745774.09085282124579 ], [ -6956435.36551212798804, -746090.405626279069111 ], [ -6956866.210930501110852, -746491.844385004485957 ], [ -6957003.543268362991512, -746619.856200324604288 ], [ -6957027.750359454192221, -746666.417048893054016 ], [ -6957034.988352749496698, -746680.188548120087944 ], [ -6957294.275433142669499, -747166.987123308004811 ], [ -6957301.537916718050838, -747180.442683480214328 ], [ -6957450.81866516917944, -747454.96658476209268 ], [ -6957458.107865432277322, -747468.272019440773875 ], [ -6957697.718635970726609, -747900.564110906096175 ], [ -6957718.927225354127586, -747938.385352665325627 ], [ -6958618.197806335985661, -749477.110961873549968 ], [ -6958625.64285387750715, -749489.344219819759019 ], [ -6958676.225888602435589, -749572.277730054804124 ], [ -6958700.187408994883299, -749611.478174898540601 ], [ -6958896.974063640460372, -749930.71956459863577 ], [ -6958905.240649027749896, -749944.018301244475879 ], [ -6959090.418974504806101, -750239.616294324514456 ], [ -6959098.785747433081269, -750252.869099115487188 ], [ -6959195.892332171089947, -750406.06774752412457 ], [ -6959204.295840534381568, -750419.272379681002349 ], [ -6959365.420579385012388, -750670.789707379066385 ], [ -6959373.933180848136544, -750683.990981522598304 ], [ -6959665.854572389274836, -751131.43356298445724 ], [ -6959674.459569024853408, -751144.470146345207468 ], [ -6959859.124347237870097, -751419.434631445328705 ], [ -6959870.899261209182441, -751479.644903156091459 ], [ -6959922.268203168176115, -751756.273156576906331 ], [ -6959982.830753485672176, -752076.589525029645301 ], [ -6960218.621019714511931, -753301.794845640775748 ], [ -6960230.693460611626506, -753364.310733324149624 ], [ -6960321.932573478668928, -753835.17246557760518 ], [ -6960433.355193749070168, -754424.636603991617449 ], [ -6960433.465277500450611, -754424.615795567049645 ], [ -6960481.50296996627003, -754676.06864821841009 ], [ -6960564.503895493224263, -755103.513337589916773 ], [ -6960598.179508832283318, -755275.330465967999771 ], [ -6960641.457187270745635, -755494.10836947185453 ], [ -6960656.063461816869676, -755567.656459880061448 ], [ -6960675.83602977078408, -755666.829503366723657 ], [ -6960938.78678129054606, -756903.903887636377476 ], [ -6960941.167905202135444, -756914.448522506980225 ], [ -6961368.206074732355773, -758659.091576445964165 ], [ -6961403.373015065677464, -758792.35226448380854 ], [ -6962339.238034601323307, -761920.799927919288166 ], [ -6962342.016569088213146, -761929.091744668316096 ], [ -6962416.678772060200572, -762150.187786945258267 ], [ -6962461.179851705208421, -762280.960595649201423 ], [ -6962998.649720148183405, -763781.529948020121083 ], [ -6963002.804163543507457, -763792.571161347441375 ], [ -6963061.746226663701236, -763948.432293997146189 ], [ -6963093.56912949308753, -764032.159979687654413 ], [ -6963611.6092758057639, -765339.490398973692209 ], [ -6963722.10834195651114, -765607.288268221309409 ], [ -6963928.098974004387856, -766099.060019183554687 ], [ -6964145.307777045294642, -766609.952291348949075 ], [ -6964317.668814750388265, -767019.905029087560251 ], [ -6964474.15098789986223, -767392.839095524395816 ], [ -6964528.491741796024144, -767521.839562833542004 ], [ -6964682.035196084529161, -767884.917627555551007 ], [ -6965012.251030870713294, -768676.821723139379174 ], [ -6965344.968587943352759, -769481.846940784482285 ], [ -6965490.929075978696346, -769831.250996317248791 ], [ -6965669.124368614517152, -770253.318902745842934 ], [ -6965816.087070572189987, -770605.093527513439767 ], [ -6965845.120406280271709, -770675.508108916110359 ], [ -6965902.080493533983827, -770813.071915986365639 ], [ -6966085.113100148737431, -771253.257008024607785 ], [ -6966149.722485683858395, -771410.716513053397648 ], [ -6966186.094526754692197, -771499.118083659792319 ], [ -6966346.534856059588492, -771888.008434125571512 ], [ -6966431.953712456859648, -772093.753421346074902 ], [ -6966636.829426732845604, -772584.141621448565274 ], [ -6966865.795983463525772, -773136.442976577905938 ], [ -6966962.28547675255686, -773371.442930830293335 ], [ -6967000.930816348642111, -773465.292362957727164 ], [ -6967403.593452055938542, -774440.338541822042316 ], [ -6967403.699449378997087, -774440.29476834484376 ], [ -6967425.309228691272438, -774493.284834083286114 ], [ -6967584.878990028984845, -774878.78232168208342 ], [ -6967620.72105716355145, -774966.658256381982937 ], [ -6967776.733116229064763, -775344.732150227879174 ], [ -6968018.861598517745733, -775924.758127057226375 ], [ -6968022.526255467906594, -775933.539911958854645 ], [ -6968115.684874063357711, -776155.278112213825807 ], [ -6968120.78441993240267, -776167.334876764449291 ], [ -6968192.593935049138963, -776336.248021515551955 ], [ -6968244.644702557474375, -776458.062412338913418 ], [ -6968744.843456821516156, -777589.717499843332916 ], [ -6968770.053981903940439, -777644.897395020117983 ], [ -6969258.202450548298657, -778681.735697522293776 ], [ -6969289.841676218435168, -778746.987100561382249 ], [ -6970819.416907913051546, -781654.179065171862021 ], [ -6970841.904558248817921, -781693.711548241320997 ], [ -6971264.065813186578453, -782421.537708871299401 ], [ -6971288.02065441198647, -782462.047772023244761 ], [ -6971435.789374390617013, -782710.299862956395373 ], [ -6971443.894546515308321, -782723.827513407100923 ], [ -6972261.381398697383702, -784041.443501018569805 ], [ -6972461.20879022590816, -784352.645418007974513 ], [ -6972674.570264274254441, -784684.77594937174581 ], [ -6972780.089828351512551, -784848.331757321138866 ], [ -6973023.043503812514246, -785223.306903187418357 ], [ -6973062.611775974743068, -785284.279484244296327 ], [ -6973336.104840542189777, -785705.047522963490337 ], [ -6973336.125709247775376, -785705.033958610147238 ], [ -6973361.643879476934671, -785744.379074593423866 ], [ -6973528.372636638581753, -786000.505224708002061 ], [ -6973598.875860277563334, -786111.870794841670431 ], [ -6973607.156917192041874, -786124.69938486116007 ], [ -6973678.68665190692991, -786235.19014764088206 ], [ -6973860.009680463932455, -786514.470254826359451 ], [ -6974039.217604044824839, -787083.612113150418736 ], [ -6974096.529971390962601, -787264.4310010363115 ], [ -6974222.753933429718018, -787660.056957779219374 ], [ -6974493.905237039551139, -788524.353149828501046 ], [ -6974542.808860767632723, -788679.351230239961296 ], [ -6974653.972910668700933, -789029.695827774121426 ], [ -6974795.677557907067239, -789485.211449751863256 ], [ -6974882.794386773370206, -789762.40993011451792 ], [ -6975014.162932323291898, -790176.206175789935514 ], [ -6975020.744026216678321, -790234.646475532324985 ], [ -6975039.203071891330183, -790396.200561800389551 ], [ -6975125.028504995629191, -791136.669786144630052 ], [ -6975129.417537029832602, -791176.071680660126731 ], [ -6975156.723467694595456, -791415.942020070040599 ], [ -6975196.429359287023544, -791757.402993583935313 ], [ -6975205.355100450105965, -791844.040507129044272 ], [ -6975263.19782105833292, -792362.082831139094196 ], [ -6975324.414898443035781, -792908.584443258005194 ], [ -6975336.530271337367594, -793016.872130329022184 ], [ -6975352.341293814592063, -793156.417833316256292 ], [ -6975392.854728266596794, -793509.54937401751522 ], [ -6975396.95533783081919, -793548.23903093370609 ], [ -6975427.902338121086359, -793831.3947758335853 ], [ -6975545.724000375717878, -794881.718120583915152 ], [ -6975620.615862468257546, -795545.883544313837774 ], [ -6975686.737237230874598, -796247.971899571362883 ], [ -6975687.135761014185846, -796251.533486932166852 ], [ -6975705.927034343592823, -796416.976966336951591 ], [ -6975709.684067158028483, -796449.570830436074175 ], [ -6975725.593660560436547, -796585.947062189807184 ], [ -6975726.240426795557141, -796591.425740981358103 ], [ -6975828.511203111149371, -797392.010762349469587 ], [ -6975842.753580471500754, -797519.984838375006802 ], [ -6975844.57399142999202, -797519.78224281326402 ], [ -6975869.738765221089125, -797760.887639454449527 ], [ -6975925.173057109117508, -798239.451568339951336 ], [ -6975979.441167714074254, -798726.086018720176071 ], [ -6975986.016151958145201, -798784.731174900545739 ], [ -6976049.474940876476467, -799347.746896621654741 ], [ -6976047.099523602053523, -799326.632991220219992 ], [ -6976064.129699776880443, -799476.379588229232468 ], [ -6976140.603963564150035, -800139.91049191984348 ], [ -6976140.606162071228027, -800139.910238534095697 ], [ -6976141.444379706867039, -800147.23552183737047 ], [ -6976202.754090170376003, -800678.72036585083697 ], [ -6976220.751724837347865, -800842.083978044916876 ], [ -6976221.200342386029661, -800845.946525499457493 ], [ -6976230.130402475595474, -800922.320848453789949 ], [ -6976284.42798307724297, -801383.625328666996211 ], [ -6976327.606991640292108, -801755.989940217928961 ], [ -6976365.920125493779778, -802103.256284141680226 ], [ -6976390.414682324044406, -802320.898298660642467 ], [ -6976411.444047331809998, -802504.138987957616337 ], [ -6976459.799256374128163, -802922.703349058749154 ], [ -6976466.989734253846109, -802988.12192899803631 ], [ -6976483.5710573438555, -803136.926086258725263 ], [ -6976536.475645339116454, -803605.329604664817452 ], [ -6976553.174174637533724, -803751.251969098462723 ], [ -6976603.250134374015033, -804183.229617935954593 ], [ -6976611.356835010461509, -804252.73638896853663 ], [ -6976660.04798028524965, -804667.690032602637075 ], [ -6976765.558628460392356, -805505.660527653060853 ], [ -6976780.87173761241138, -805619.511508466675878 ], [ -6977024.877055017277598, -807233.720268175122328 ], [ -6977027.199179596267641, -807247.550424674991518 ], [ -6977153.130267821252346, -807965.487595811020583 ], [ -6977154.338084297254682, -807972.090215041884221 ], [ -6977209.688122916966677, -808269.576983080129139 ], [ -6977220.772204612381756, -808328.163625913788565 ], [ -6977584.474029888398945, -810078.619865616201423 ], [ -6977598.77858445700258, -810141.775127775152214 ], [ -6977658.329226236790419, -810401.480166587047279 ], [ -6977660.622407750226557, -810411.359998804749921 ], [ -6977674.650595167651772, -810471.629003845853731 ], [ -6977691.149256894364953, -810542.313727822853252 ], [ -6977883.199499267153442, -811335.787374260486104 ], [ -6977885.018459745682776, -811343.042992467992008 ], [ -6978231.026416093111038, -812648.248566513182595 ], [ -6978245.354347755201161, -812699.492310956004076 ], [ -6978645.747002999298275, -814057.094308471539989 ], [ -6978675.994735037907958, -814154.548890901380219 ], [ -6979338.789254265837371, -816141.931228771572933 ], [ -6979361.164471915923059, -816204.615641940035857 ], [ -6979431.653583231382072, -816398.21877098234836 ], [ -6978616.894477708265185, -817722.842201136867516 ], [ -6978614.950839400291443, -817726.161588145070709 ], [ -6977504.796093509532511, -819725.617365156998858 ], [ -6977502.943737182766199, -819729.141126040951349 ], [ -6975965.922178744338453, -822923.042336532496847 ], [ -6975964.391535745933652, -822926.534655571333133 ], [ -6975272.529779040254653, -824585.579042894300073 ], [ -6975271.172794446349144, -824589.005109177902341 ], [ -6973897.837646869942546, -828529.160913652507588 ], [ -6973896.905902734026313, -828532.242239943821914 ], [ -6973894.780838051810861, -828539.271794586791657 ], [ -6972566.70710635278374, -834040.472420758102089 ], [ -6972566.023604682646692, -834044.223015013965778 ], [ -6972237.339092132635415, -836086.482807094347663 ], [ -6972236.36838617362082, -836093.42702189378906 ], [ -6972136.881131556816399, -836846.855228755855933 ], [ -6972136.6250967271626, -836848.914687216281891 ], [ -6971773.406235178001225, -844386.840839398093522 ], [ -6971773.460781727917492, -844388.831799053703435 ], [ -6971784.918426482006907, -844757.391122611705214 ], [ -6971789.120737258344889, -844878.219955485663377 ], [ -6971793.98900870513171, -845012.966574491816573 ], [ -6971816.172691420651972, -845604.858915598364547 ], [ -6971831.783089605160058, -846030.81167559849564 ], [ -6971832.838788646273315, -846061.765178544563241 ], [ -6971834.324859151616693, -846104.86392203217838 ], [ -6971838.132941509597003, -846211.46304075687658 ], [ -6971859.361921907402575, -846788.471284912782721 ], [ -6971875.267494291067123, -847254.879286035429686 ], [ -6971875.440272993408144, -847254.873393889167346 ], [ -6971880.443985676392913, -847402.697984940255992 ], [ -6971881.971289086155593, -847444.216128250933252 ], [ -6971882.854191686026752, -847468.112882695160806 ], [ -6971896.799237495288253, -847836.267758360598236 ], [ -6971931.587846407666802, -848959.212705281912349 ], [ -6971944.149365059100091, -848958.823551957029849 ], [ -6971944.229027486406267, -849328.920195836690255 ], [ -6971959.863073026761413, -849736.697467519436032 ], [ -6971996.674523847177625, -850813.518199880840257 ], [ -6971996.718207757920027, -850814.816639867960475 ], [ -6972010.169971860945225, -851204.3301464979304 ], [ -6972044.03716782014817, -852162.10812030849047 ], [ -6972063.902866531163454, -852750.988602249650285 ], [ -6972082.76063428632915, -853398.435336207039654 ], [ -6972088.353598074987531, -853624.95046254992485 ], [ -6972090.297903122380376, -853701.329900193843059 ], [ -6972102.501858897507191, -854166.766943918424658 ], [ -6972116.005911877378821, -854673.500754348235205 ], [ -6972128.596177230589092, -855139.885125821689144 ], [ -6972129.150478470139205, -855160.351889652549289 ], [ -6972141.678775633685291, -855614.765208058990538 ], [ -6972143.347046402283013, -855673.973594659939408 ], [ -6972143.804569512605667, -855689.876900464412756 ], [ -6972152.569835886359215, -855985.60574784106575 ], [ -6972183.955364819616079, -857038.459137368830852 ], [ -6972185.328470566309988, -857088.260758637450635 ], [ -6972204.559544704854488, -857783.415165149490349 ], [ -6972220.60822369903326, -858355.985652628587559 ], [ -6972230.461545272730291, -858697.585959972580895 ], [ -6972261.419071448966861, -859750.863206820678897 ], [ -6972261.45647725276649, -859750.86210718320217 ], [ -6972266.873302979394794, -859934.654175733332522 ], [ -6972267.368674714118242, -859949.9118227903964 ], [ -6972269.114909969270229, -860003.11046029033605 ], [ -6972276.8233532756567, -860222.595600306522101 ], [ -6972279.633057224564254, -860297.88310393341817 ], [ -6972293.588436553254724, -860640.328053067438304 ], [ -6972294.2329764040187, -860654.915132967871614 ], [ -6972304.688867649063468, -860880.04406671889592 ], [ -6972305.392406832426786, -860894.489616137929261 ], [ -6972315.779301476664841, -861099.129522339906543 ], [ -6972316.537387209013104, -861113.484089344390668 ], [ -6972368.046947796829045, -861954.281394451740198 ], [ -6972369.047710014507174, -861968.634842490311712 ], [ -6972425.043076603673398, -862695.366236267844215 ], [ -6972426.2542326701805, -862709.718565332703292 ], [ -6972544.952112073078752, -863935.840790930204093 ], [ -6972546.517264107242227, -863950.166165242670104 ], [ -6972685.145675058476627, -865096.278655612142757 ], [ -6972687.0381064042449, -865110.541129712248221 ], [ -6972834.140168617479503, -866137.381239045294933 ], [ -6972836.328709808178246, -866151.605525373946875 ], [ -6972949.881800006143749, -866856.147320018149912 ], [ -6972952.29075378831476, -866870.443501511937939 ], [ -6973113.394932858645916, -867775.656366701819934 ], [ -6973116.079958972521126, -867789.978388291783631 ], [ -6973406.507299897260964, -869223.090719971689396 ], [ -6973409.614226888865232, -869237.347594671766274 ], [ -6973689.600147742778063, -870449.448541534366086 ], [ -6973693.056617927737534, -870463.606570398085751 ], [ -6974009.191373613663018, -871690.810374457156286 ], [ -6974013.014084928669035, -871704.907749491743743 ], [ -6974309.372110532596707, -872752.524270835798234 ], [ -6974313.518761564046144, -872766.595814200816676 ], [ -6974573.404133819974959, -873620.334523460478522 ], [ -6974577.807932876981795, -873634.35102938907221 ], [ -6974789.033513818867505, -874290.780100425821729 ], [ -6974793.639914350584149, -874304.764034841791727 ], [ -6975051.024763290770352, -875065.508146349107847 ], [ -6975055.899443793110549, -875079.54375658580102 ], [ -6975356.955151841975749, -875921.975966371479444 ], [ -6975362.104791483841836, -875935.989114770083688 ], [ -6975721.46632026694715, -876884.0769084043568 ], [ -6975726.907616976648569, -876898.004690204514191 ], [ -6975986.749159375205636, -877549.584083512076177 ], [ -6975992.363001295365393, -877563.37932006304618 ], [ -6976396.199378922581673, -878526.799482567002997 ], [ -6976402.091519568115473, -878540.454310663626529 ], [ -6976896.203085575252771, -879648.395063426345587 ], [ -6976902.431411090306938, -879661.917346040136181 ], [ -6977461.215023746713996, -880834.746215970022604 ], [ -6977467.840759837068617, -880848.199981102487072 ], [ -6978123.459807977080345, -882132.3985433971975 ], [ -6978130.514124110341072, -882145.737735675182194 ], [ -6978382.497133285738528, -882616.127796401968226 ], [ -6978389.720655041746795, -882629.441156492684968 ], [ -6978502.194883851334453, -882835.581235156394541 ], [ -6978509.500782029703259, -882848.896845570066944 ], [ -6978537.3855135506019, -882899.649387456011027 ], [ -6978582.111458563245833, -882980.942763706319965 ], [ -6978755.138723357580602, -883292.796574176056311 ], [ -6979214.900540239177644, -884114.521637931582518 ], [ -6979303.337369878776371, -884272.608560818247497 ], [ -6979327.63106971886009, -884315.989230242790654 ], [ -6979710.631244773976505, -884998.735540487570688 ], [ -6979940.078566418029368, -885410.252883702516556 ], [ -6980030.694289699196815, -885572.067304079420865 ], [ -6980038.436560280621052, -885585.832893466111273 ], [ -6980358.553065965883434, -886154.164026506710798 ], [ -6980412.512963372282684, -886250.440417063888162 ], [ -6980449.388240555301309, -886316.118027377058752 ], [ -6980555.223020036704838, -886504.2854891018942 ], [ -6980690.540195852518082, -886743.331607206142507 ], [ -6980760.544570833444595, -886866.210073623107746 ], [ -6981097.106236381456256, -887447.853032996528782 ], [ -6981104.976524378173053, -887461.245965892332606 ], [ -6981568.932059797458351, -888234.706243786844425 ], [ -6981577.024986775591969, -888247.926179915899411 ], [ -6982268.521526815369725, -889345.275784900644794 ], [ -6982276.923921982757747, -889358.233977053430863 ], [ -6983160.939348123036325, -890675.315972444368526 ], [ -6983169.653437865898013, -890687.86413414683193 ], [ -6984117.974799216724932, -892007.152569578145631 ], [ -6984127.001696722581983, -892019.289577123010531 ], [ -6984950.764614151790738, -893096.071127226692624 ], [ -6984960.072036776691675, -893107.901454770122655 ], [ -6985767.165474228560925, -894107.087194230523892 ], [ -6985776.782365034334362, -894118.684984719729982 ], [ -6986722.970190482214093, -895226.516693428391591 ], [ -6986732.944416861049831, -895237.856108913896605 ], [ -6987384.339715842157602, -895964.000837805331685 ], [ -6987394.562184678390622, -895975.17511882528197 ], [ -6988114.869698013179004, -896746.059495696565136 ], [ -6988125.324824592098594, -896757.014719774015248 ], [ -6989024.702646757476032, -897675.477590334019624 ], [ -6989035.406015796586871, -897686.130627002916299 ], [ -6990002.637391463853419, -898613.364834029343911 ], [ -6990457.520225198939443, -899263.628902852884494 ], [ -6990464.842821302823722, -899273.833163639879785 ], [ -6990973.420359622687101, -899969.806962914182805 ], [ -6990980.853162022307515, -899979.796624025213532 ], [ -6991260.911361810751259, -900352.55233019858133 ], [ -6991268.358635747805238, -900362.368963582324795 ], [ -6992143.485345885157585, -901482.487997579271905 ], [ -6992151.092919884249568, -901491.945090424851514 ], [ -6992688.844019217416644, -902148.931946017313749 ], [ -6992696.449366831220686, -902158.064328786218539 ], [ -6993637.408981841057539, -903255.30480334488675 ], [ -6993645.177969104610384, -903264.103487291955389 ], [ -6994234.747958918102086, -903920.062250502407551 ], [ -6994242.54366285353899, -903928.583414001623169 ], [ -6994963.358471688814461, -904699.963866785517894 ], [ -6994971.39796531945467, -904708.387281112722121 ], [ -6995658.346271374262869, -905414.092308628605679 ], [ -6995666.538272702135146, -905422.343818000750616 ], [ -6996403.236362954601645, -906149.191613864270039 ], [ -6996411.720021344721317, -906157.39031681092456 ], [ -6996957.430783749558032, -906676.876994693768211 ], [ -6996966.025761631317437, -906684.9363761364948 ], [ -6997624.006993919610977, -907290.946045957854949 ], [ -6997632.816818423569202, -907298.915543002774939 ], [ -6998210.874813443049788, -907813.755238756304607 ], [ -6998219.916182487271726, -907821.683164971298538 ], [ -6999034.440449045971036, -908520.578739610500634 ], [ -6999043.766795979812741, -908528.408916345681064 ], [ -6999678.006729742512107, -909052.068633210263215 ], [ -6999687.545696913264692, -909059.81341971969232 ], [ -6999999.117916809394956, -909310.720773768960498 ], [ -7000018.484168622642756, -909326.189002727274783 ], [ -7000086.296384167857468, -909380.255767805851065 ], [ -7000158.883371334522963, -909438.026563731604256 ], [ -7000213.797234054654837, -909481.668726347270422 ], [ -7000582.042480482719839, -909773.906199989607558 ], [ -7000948.062619058415294, -910065.269579849787988 ], [ -7001013.138551100157201, -910116.983729360159487 ], [ -7001369.078306371346116, -910399.357404340524226 ], [ -7001513.966290026903152, -910514.854749070247635 ], [ -7001554.037989024072886, -910546.764316678512841 ], [ -7001587.624192593619227, -910573.481305137975141 ], [ -7001712.323483985848725, -910672.667637090315111 ], [ -7002131.827868998982012, -911005.715178869781084 ], [ -7002327.381981058977544, -911162.411776671884581 ], [ -7002443.663605644367635, -911255.293614877620712 ], [ -7002836.482136256992817, -911568.107337216613814 ], [ -7002870.411241179332137, -911595.41123817965854 ], [ -7003023.878239813260734, -911723.096422699745744 ], [ -7003436.792043899185956, -912070.575873284251429 ], [ -7003437.210074993781745, -912070.079122154973447 ], [ -7003655.172827045433223, -912254.201906204689294 ], [ -7004019.669480700045824, -912557.636346649262123 ], [ -7004025.460668041370809, -912562.496378895710222 ], [ -7004555.934777102433145, -913006.194423730950803 ], [ -7004654.70388126000762, -913088.590982696623541 ], [ -7004665.949376218952239, -913097.94785366859287 ], [ -7005027.990078574977815, -913398.856550413765945 ], [ -7005074.944627955555916, -913437.832924500224181 ], [ -7005354.257475499995053, -913669.399219021084718 ], [ -7005408.999739352613688, -913714.718075676704757 ], [ -7005511.742063381709158, -913799.651212409953587 ], [ -7005979.42706782091409, -914185.863621275639161 ], [ -7006022.123852096498013, -914221.081908784341067 ], [ -7006034.304430780000985, -914231.117691595456563 ], [ -7006148.636876109056175, -914325.034450342762284 ], [ -7006429.037315080873668, -914554.671414291486144 ], [ -7006488.443598257377744, -914603.246716451365501 ], [ -7006500.690968637354672, -914613.245468355133198 ], [ -7006552.13428655359894, -914655.186915682512335 ], [ -7006564.294827723875642, -914665.087907115346752 ], [ -7006687.506145678460598, -914765.080634407931939 ], [ -7006699.638856980018318, -914774.895102394744754 ], [ -7006805.018168466165662, -914859.903408169629984 ], [ -7006817.127502676099539, -914869.644837162806652 ], [ -7006939.158919558860362, -914967.499751210794784 ], [ -7006951.378460061736405, -914977.267027533147484 ], [ -7007030.382757936604321, -915040.285693379235454 ], [ -7007042.644599849358201, -915050.046229482861236 ], [ -7007229.575430945493281, -915198.117992111481726 ], [ -7007241.889593015424907, -915207.824592215009034 ], [ -7007311.764419324696064, -915262.802551115280949 ], [ -7007324.060770280659199, -915272.459710013237782 ], [ -7007505.578819546848536, -915414.343225135118701 ], [ -7008086.576392700895667, -915866.327238497324288 ], [ -7008086.585453538224101, -915866.315591349848546 ], [ -7008119.052978406660259, -915891.662781314924359 ], [ -7008131.614269752986729, -915901.424543687142432 ], [ -7008738.505926003679633, -916372.120680969324894 ], [ -7009291.729718989692628, -916801.516102262423374 ], [ -7009297.954705679789186, -916806.371081479126588 ], [ -7009310.134171172976494, -916815.847608089447021 ], [ -7009420.373668584041297, -916901.573481775005348 ], [ -7009795.059710575267673, -917192.864403419662267 ], [ -7010498.321074499748647, -917756.511614613234997 ], [ -7010566.715247225947678, -917811.898216423112899 ], [ -7010628.46013105660677, -917861.819001623196527 ], [ -7011373.679573244415224, -918463.351613121689297 ], [ -7011841.849550312384963, -918841.433621566276997 ], [ -7012258.053110935725272, -919177.719519786536694 ], [ -7012597.051343496888876, -919453.223606076673605 ], [ -7012764.622498811222613, -919588.810063186334446 ], [ -7013218.565162071958184, -919954.491341962246224 ], [ -7013252.836671814322472, -919982.179049526690505 ], [ -7013841.158228603191674, -920457.209605694049969 ], [ -7013914.60312975011766, -920516.788444538135082 ], [ -7014012.211398858577013, -920595.7994614954805 ], [ -7014048.958664810284972, -920625.544508728431538 ], [ -7015165.964044379070401, -921528.14247932122089 ], [ -7015474.096279636956751, -921777.568574263248593 ], [ -7015889.006847394630313, -922117.781323538394645 ], [ -7015903.393059552647173, -922129.693017033976503 ], [ -7016486.580966384150088, -922611.938637252547778 ], [ -7016517.745598807930946, -922637.786433527828194 ], [ -7016559.045353135094047, -922672.002880799700506 ], [ -7017075.167040246538818, -923099.138108415529132 ], [ -7017590.851667034439743, -923525.500290822703391 ], [ -7018503.032056645490229, -924281.90081224613823 ], [ -7018611.393990615382791, -924371.500135494978167 ], [ -7019042.794356059283018, -924727.18445178528782 ], [ -7019240.002281608060002, -924891.473987850360572 ], [ -7019471.017731272615492, -925082.756985487882048 ], [ -7019921.309573862701654, -925453.332063467358239 ], [ -7019955.429135889746249, -925481.491651928750798 ], [ -7020453.39235364459455, -925892.245764821767807 ], [ -7021653.24034936260432, -926899.771914519486018 ], [ -7021767.415877487510443, -926998.904628530610353 ], [ -7022514.711222697980702, -927647.750603071297519 ], [ -7022914.120143471285701, -927994.544388940208592 ], [ -7023174.249900714494288, -928220.40788440592587 ], [ -7023428.132367763668299, -928443.833555303164758 ], [ -7023758.276098849251866, -928734.413396030315198 ], [ -7024177.55624162312597, -929099.331787019735202 ], [ -7024657.836758883669972, -929512.672236095066182 ], [ -7025035.116686332039535, -929839.466220720671117 ], [ -7025302.050161201506853, -930069.039897078997456 ], [ -7025529.316694022156298, -930263.110580049920827 ], [ -7025696.357751414179802, -930405.120554380933754 ], [ -7025786.907251613214612, -930481.75984337052796 ], [ -7026023.07461275998503, -930680.3995391135104 ], [ -7026166.035555612295866, -930799.892246894072741 ], [ -7026311.12109458912164, -930920.696234395960346 ], [ -7026649.601364688947797, -931201.447992791887373 ], [ -7026751.725599920377135, -931285.926506541552953 ], [ -7027191.997525590471923, -931649.143508056877181 ], [ -7027238.349601386114955, -931687.336434968980029 ], [ -7027592.98232960049063, -931979.187323986086994 ], [ -7027707.647577304393053, -932073.495427256566472 ], [ -7027773.331291290931404, -932127.422586621833034 ], [ -7028259.699662610888481, -932526.045690150931478 ], [ -7028802.719196861609817, -932974.581441912334412 ], [ -7028905.476426463574171, -933059.229330197209492 ], [ -7029268.674526107497513, -933357.608722867676988 ], [ -7029813.458223555237055, -933807.694839107804 ], [ -7029889.501231322996318, -933870.393593972199596 ], [ -7030140.473249707370996, -934076.909123746561818 ], [ -7030538.610001809895039, -934404.186204278143123 ], [ -7030866.824314399622381, -934674.560299158794805 ], [ -7031562.32954344432801, -935247.082388078561053 ], [ -7032064.536234662868083, -935661.616190744563937 ], [ -7032350.250370740890503, -935895.682793510146439 ], [ -7032477.934939877130091, -935999.500529926037416 ], [ -7032607.030076404102147, -936104.109341034782119 ], [ -7032647.051659734919667, -936136.429750749142841 ], [ -7033777.05695241689682, -937022.488704409101047 ], [ -7033811.729634213261306, -937048.88108071917668 ], [ -7038760.49591064453125, -940369.462976848473772 ], [ -7038787.919467201456428, -940385.581041055964306 ], [ -7040930.694263208657503, -941575.310210848925635 ], [ -7040968.141026713885367, -941594.916763811022975 ], [ -7043780.403403860516846, -942957.154645232716575 ], [ -7043822.292928249575198, -942975.852829047944397 ], [ -7045818.993480808101594, -943815.733547993353568 ], [ -7045853.528126439079642, -943829.387319212779403 ], [ -7049092.734999299049377, -944982.918461967259645 ], [ -7049329.766477846540511, -945058.250927507644519 ], [ -7049401.38730878289789, -945080.953962351428345 ], [ -7049422.306467490270734, -945087.567818796960637 ], [ -7049564.485889320261776, -945132.286654140334576 ], [ -7050008.557149212807417, -945271.23070002021268 ], [ -7050349.305063811130822, -945377.818650455446914 ], [ -7050703.147934481501579, -945487.065705562592484 ], [ -7050746.76068458147347, -945500.354201072012074 ], [ -7051540.101837715134025, -945734.924838555627503 ], [ -7052285.489355706609786, -945948.627312482334673 ], [ -7052342.618594855070114, -945964.969524940475821 ], [ -7052597.499040560796857, -946037.71601550350897 ], [ -7052707.982291569001973, -946069.112309889751486 ], [ -7053345.258074007928371, -946249.417709333938546 ], [ -7053646.783001732081175, -946335.435426049283706 ], [ -7053856.941402886994183, -946394.892450791783631 ], [ -7054374.324214295484126, -946540.048261377261952 ], [ -7054549.328620072454214, -946590.316175488638692 ], [ -7054714.448392976075411, -946637.432762997341342 ], [ -7054845.540451721288264, -946674.596303909202106 ], [ -7055930.923215439543128, -946981.480633639264852 ], [ -7056221.345869505777955, -947063.498062261729501 ], [ -7056335.589273732155561, -947097.178448172751814 ], [ -7056680.198977200314403, -947203.046389064285904 ], [ -7056766.830746269784868, -947229.574759318726137 ], [ -7057254.389449525624514, -947378.391899787005968 ], [ -7057408.414989581331611, -947426.823347532888874 ], [ -7057672.665196825750172, -947507.953069512848742 ], [ -7058026.194218480028212, -947616.432964976760559 ], [ -7058105.217353641055524, -947640.60952727671247 ], [ -7058410.028835456818342, -947733.589017083169892 ], [ -7058628.186130035668612, -947885.762613442493603 ], [ -7058641.871748237870634, -947895.065254459274001 ], [ -7059658.522457838058472, -948568.146408075001091 ], [ -7059672.39286638982594, -948577.088099881075323 ], [ -7060763.731893986463547, -949260.896332462201826 ], [ -7060777.738112318329513, -949269.423100835294463 ], [ -7061886.269784098491073, -949924.863995129591785 ], [ -7061900.464132364839315, -949933.011822510743514 ], [ -7063176.481901559978724, -950640.918168190750293 ], [ -7063190.854361016303301, -950648.619586836313829 ], [ -7064641.646687519736588, -951395.807020499370992 ], [ -7064656.187239412218332, -951402.99793601105921 ], [ -7065726.664279672317207, -951916.666412592865527 ], [ -7065741.337301750667393, -951923.494128902442753 ], [ -7066760.390547435730696, -952383.892698941752315 ], [ -7066775.064682709984481, -952390.325731013319455 ], [ -7067808.088724150322378, -952829.438650853116997 ], [ -7067822.781783739104867, -952835.490492032608017 ], [ -7068411.881754799745977, -953070.775540567003191 ], [ -7066269.813243973068893, -956901.902068881783634 ], [ -7066268.022113363258541, -956906.056887547019869 ], [ -7063802.760374535806477, -964077.155010635848157 ], [ -7063801.829743594862521, -964080.721915468457155 ], [ -7063200.507001362740993, -966664.15033008530736 ], [ -7063128.453234666958451, -967015.698241278529167 ], [ -7063104.270297057926655, -967127.697704662685283 ], [ -7063049.81129757873714, -967380.93815475248266 ], [ -7062987.907251019962132, -967669.959380543208681 ], [ -7062963.657802425324917, -967783.854094711947255 ], [ -7062932.20670669246465, -967932.422668245388195 ], [ -7062916.164113816805184, -968008.496473050909117 ], [ -7062808.872309897094965, -968519.239465768099762 ], [ -7062729.88988724630326, -968860.109291745000519 ], [ -7063182.925917144864798, -968965.081572841270827 ], [ -7061414.242222220636904, -980267.070572897675447 ], [ -7063889.927672419697046, -995713.377577353618108 ], [ -7071017.615816838108003, -1009638.659629798494279 ], [ -7082099.598878377117217, -1020679.813099794089794 ], [ -7096051.095142257399857, -1027756.052957457257435 ], [ -7111506.434948379173875, -1030174.707542457967065 ], [ -7126952.741952834650874, -1027699.022092258790508 ], [ -7131103.305608960799873, -1025574.54639022226911 ], [ -7133092.19032989256084, -1025039.61020596511662 ], [ -7133100.286596458405256, -1025037.195453537395224 ], [ -7135114.870335630141199, -1024389.607224705629051 ], [ -7135122.17400742508471, -1024387.087728034704924 ], [ -7137439.83433785662055, -1023522.858044609776698 ], [ -7137446.120549500919878, -1023520.335169243277051 ], [ -7138260.77824829146266, -1023185.021972669870593 ], [ -7138266.293015861883759, -1023182.695070787682198 ], [ -7138780.441723003983498, -1022962.358988966210745 ], [ -7138785.866321790963411, -1022959.99829871347174 ], [ -7139820.861594554036856, -1022495.551437267218716 ], [ -7139827.681026559323072, -1022492.397843616316095 ], [ -7141269.664715079590678, -1021797.332017882843502 ], [ -7141278.589198661968112, -1021792.852789029711857 ], [ -7142014.860582550056279, -1021415.658324369811453 ], [ -7142025.548366859555244, -1021410.07083338231314 ], [ -7142873.021225247532129, -1020956.593730553868227 ], [ -7142885.083805265836418, -1020949.989206782658584 ], [ -7143815.402076756581664, -1020427.64184602885507 ], [ -7143828.23832724057138, -1020420.253430497134104 ], [ -7144419.837000425904989, -1020074.316181633039378 ], [ -7144433.796464571729302, -1020066.024488793802448 ], [ -7144533.426399647258222, -1020006.689540648716502 ], [ -7144548.627076120115817, -1019997.612830689176917 ], [ -7144646.778750860132277, -1019938.851551112951711 ], [ -7144662.99466108251363, -1019929.118220685981214 ], [ -7144847.674067812971771, -1019817.724969558999874 ], [ -7144941.646642355248332, -1019760.766673423233442 ], [ -7144972.826451405882835, -1019741.858175964094698 ], [ -7145144.489166209474206, -1019637.580218969960697 ], [ -7145219.0351583044976, -1019592.200107148848474 ], [ -7145239.396606368944049, -1019579.780642276047729 ], [ -7145323.997451335191727, -1019528.124286996549927 ], [ -7145476.025995775125921, -1019434.909392846631818 ], [ -7145788.833764906041324, -1019242.345821709255688 ], [ -7145837.953683237545192, -1019212.039800542406738 ], [ -7146613.304127627983689, -1018736.67044972453732 ], [ -7146701.510032591409981, -1018682.46545661543496 ], [ -7146818.663777897134423, -1018610.304006809485145 ], [ -7147322.269960265606642, -1018295.966010510921478 ], [ -7147340.704467941075563, -1018284.307024012319744 ], [ -7147425.286137880757451, -1018230.694312722887844 ], [ -7147697.264168013818562, -1018057.917009949567728 ], [ -7148126.670071215368807, -1017786.32358855032362 ], [ -7148469.51338229700923, -1017569.325404961011373 ], [ -7148635.828482265584171, -1017463.597240595379844 ], [ -7148656.468229057267308, -1017450.419161968398839 ], [ -7149149.067317256703973, -1017131.820921510807239 ], [ -7149169.473293113522232, -1017118.452513350755908 ], [ -7150452.894296148791909, -1016248.92441573087126 ], [ -7150472.771504424512386, -1016235.003030754858628 ], [ -7151993.358524387702346, -1015126.808555785100907 ], [ -7152012.58896642178297, -1015112.231707254541107 ], [ -7153584.97166302986443, -1013869.962565984926187 ], [ -7153603.580942304804921, -1013854.644660835736431 ], [ -7155242.624176440760493, -1012444.961226144107059 ], [ -7155260.494294300675392, -1012428.906770121539012 ], [ -7156783.847053712233901, -1011001.755969614256173 ], [ -7156801.122725485824049, -1010984.880496103665791 ], [ -7158023.268126699142158, -1009748.807978630880825 ], [ -7158039.900371820665896, -1009731.390794206992723 ], [ -7159286.348576027899981, -1008377.063096494181082 ], [ -7159302.415318135172129, -1008358.947655626572669 ], [ -7160867.040558656677604, -1006506.186416542157531 ], [ -7160882.419346309266984, -1006487.052870470099151 ], [ -7161864.477473291568458, -1005224.379755261004902 ], [ -7161879.328606557101011, -1005204.641432026750408 ], [ -7162779.205362573266029, -1003969.803890750976279 ], [ -7162793.499898385256529, -1003949.545258461381309 ], [ -7163385.217516782693565, -1003092.121040231664665 ], [ -7163399.085698943585157, -1003071.570724243414588 ], [ -7164172.484111728146672, -1001889.867584800347686 ], [ -7164185.73669711034745, -1001868.980536389397457 ], [ -7164969.091367419809103, -1000592.48784502944909 ], [ -7164981.641526814550161, -1000571.332764616818167 ], [ -7165769.430746357887983, -999194.060401876224205 ], [ -7165781.321894362568855, -999172.48412288853433 ], [ -7166251.851456386037171, -998298.296834695502184 ], [ -7166263.290647259913385, -998276.529108136775903 ], [ -7166370.800000213086605, -998070.790328732226044 ], [ -7166781.921601937152445, -997279.564814245095477 ], [ -7167099.561379719525576, -996673.603549500694498 ], [ -7167145.685708857141435, -996585.398787924670614 ], [ -7167522.066925984807312, -995863.8871277468279 ], [ -7167524.78275750298053, -995858.673066070885397 ], [ -7167994.515317225828767, -994961.339091057772748 ], [ -7168019.033246024511755, -994914.452505393070169 ], [ -7168344.134799520485103, -994281.54846683179494 ], [ -7168354.131289790384471, -994261.74192112556193 ], [ -7168993.350021603517234, -992947.843204999575391 ], [ -7169002.821083881892264, -992927.630132439429872 ], [ -7169625.503182552754879, -991544.478974471334368 ], [ -7169634.336384150199592, -991524.035053227911703 ], [ -7170134.60148813482374, -990323.556590916472487 ], [ -7170142.86250754352659, -990302.983173721237108 ], [ -7170768.910055042244494, -988660.986373275402002 ], [ -7170776.369574121199548, -988640.338641056325287 ], [ -7171314.383327956311405, -987070.042064020060934 ], [ -7171321.178269673138857, -987049.081275895587169 ], [ -7171861.633247099816799, -985269.767842654488049 ], [ -7171867.635594046674669, -985248.59872974769678 ], [ -7172350.453987558372319, -983413.842154573881999 ], [ -7172355.649268189445138, -983392.459086527698673 ], [ -7172701.547796564176679, -981864.882736701867543 ], [ -7172706.111895687878132, -981843.151703771320172 ], [ -7173009.642413183115423, -980273.620126511435956 ], [ -7173013.570878015831113, -980251.40711924014613 ], [ -7173318.663473529741168, -978302.957822064054199 ], [ -7173321.78598524350673, -978280.071398460888304 ], [ -7173524.34290885925293, -976578.121639461140148 ], [ -7173526.731825134716928, -976554.623737949877977 ], [ -7173646.754969433881342, -975187.961020916351117 ], [ -7173648.537194478325546, -975163.880921962670982 ], [ -7173742.022177454084158, -973544.161008453578688 ], [ -7173743.028505652211607, -973519.883850162732415 ], [ -7173750.247947075404227, -973337.691086055710912 ], [ -7173768.725869354791939, -972848.846819838625379 ], [ -7173770.387806286104023, -972804.518177942605689 ], [ -7173772.673053668811917, -972742.385746075771749 ], [ -7173801.586712065152824, -971942.731382597936317 ], [ -7173824.131406977772713, -971332.4547487111995 ], [ -7173844.948199787177145, -970787.751656254637055 ], [ -7173848.80088965408504, -970685.908047083532438 ], [ -7173853.613401622511446, -970553.916932445252314 ], [ -7173854.537353395484388, -970527.622284502373077 ], [ -7173866.45680620893836, -970147.143703198875301 ], [ -7173867.17147733643651, -970121.172250767005607 ], [ -7173872.79724327661097, -969815.111796377110295 ], [ -7173901.846979649737477, -969224.688080735504627 ], [ -7173902.906741200014949, -969199.223206988535821 ], [ -7173909.726373050361872, -969028.31952263507992 ], [ -7173912.658528435043991, -968951.54214822826907 ], [ -7173917.240855409763753, -968823.37558853731025 ], [ -7173917.322296405211091, -968823.378531767055392 ], [ -7173947.134325754828751, -967998.461157378042117 ], [ -7173990.732319336384535, -966849.442158285179175 ], [ -7173992.978431493975222, -966789.41566164419055 ], [ -7174014.654000096023083, -966202.787783600040711 ], [ -7174025.472469395026565, -965907.902612724108621 ], [ -7174030.460678511299193, -965771.149052597233094 ], [ -7174040.127609707415104, -965502.865606519742869 ], [ -7174043.327969366684556, -965411.686845396994613 ], [ -7174055.636565458960831, -965051.643124058842659 ], [ -7174056.855592566542327, -965015.261242492357269 ] ] ] ] } }
]
}
